Brand,ProductName,ProductScore,ReviewCount,ProductPrice,Category,UserReview
Adidas,Adidas Ultra 4D 5.0 ,85,572 reviews,$220,running-shoes,4.7 
Adidas,Adidas Adizero Adios 4 ,90,"3,380 reviews",$81,running-shoes,4.5 
Adidas,Adidas X90004D ,88,69 reviews,$100,running-shoes,4.6 
Adidas,Adidas Adizero Adios 5 ,87,"1,312 reviews",$60,running-shoes,4.3 
Adidas,Adidas ZX 2K 4D ,68,21 reviews,$100,running-shoes,4.2 
Adidas,Adidas 4DFWD Pulse New ,71,68 reviews,$70,running-shoes,3.9 
Adidas,Adidas Adizero Pro ,89,657 reviews,$70,running-shoes,4.5 
Adidas,Adidas Ultraboost Guard ,81,53 reviews,NA,running-shoes,4.2 
Adidas,Adidas Terrex Agravic BOA ,88,"1,195 reviews",$110,running-shoes,4.5 
Adidas,Adidas Energy Falcon X ,80,"4,720 reviews",$35,running-shoes,4.5 
Adidas,Adidas Ultra 4D ,85,61 reviews,$220,running-shoes,4.1 
Adidas,Adidas Ultraboost DNA 1.0 ,86,400 reviews,$93,running-shoes,4.7 
Adidas,Adidas Adizero Boston 9 ,85,"1,617 reviews",$72,running-shoes,4.4 
Adidas,Adidas Ultraboost 20 ,92,"122,360 reviews",$73,running-shoes,4.7 
Adidas,Adidas Ultraboost 22 Lab test ,90,"17,077 reviews",$71,running-shoes,4.7 
Adidas,Adidas SolarGlide 4 ,84,692 reviews,$50,running-shoes,4.4 
Adidas,Adidas Ultraboost DNA ,91,"26,945 reviews",$37,running-shoes,4.6 
Adidas,Adidas Solarglide 5 ,87,"1,207 reviews",$53,running-shoes,4.5 
Adidas,Adidas Adizero Boston 8 ,89,"3,665 reviews",$140,running-shoes,4.5 
Adidas,Adidas Duramo 9 ,80,"35,814 reviews",$92,running-shoes,4.4 
Adidas,Adidas Adizero Adios Pro 2.0 Lab test ,93,897 reviews,$129,running-shoes,4.7 
Adidas,Adidas Adizero Takumi-Sen 6 ,81,192 reviews,$70,running-shoes,4.3 
Adidas,Adidas Terrex Two Flow ,88,"2,364 reviews",$49,running-shoes,4.6 
Adidas,Adidas Astrarun ,77,"3,058 reviews",$35,running-shoes,4.3 
Adidas,Adidas Solar Glide ST ,85,"7,314 reviews",$70,running-shoes,4.5 
Adidas,Adidas Solar Glide ST 19 ,83,650 reviews,$60,running-shoes,4.4 
Adidas,Adidas Adizero Adios 7 ,70,157 reviews,$70,running-shoes,4.1 
Adidas,Adidas Solar Glide 19 ,87,"9,850 reviews",$99,running-shoes,4.5 
Adidas,Adidas Galaxy 5 ,87,"34,574 reviews",$43,running-shoes,4.5 
Adidas,Adidas 4DFWD ,92,"1,056 reviews",$220,running-shoes,4.5 
Adidas,Adidas SL Loop CT ,87,147 reviews,$60,sneakers,4.4 
Adidas,Adidas Questar Drive  ,88,"2,224 reviews",NA,sneakers,4.4 
Adidas,Adidas Crazy 1 ADV ,84,222 reviews,$50,sneakers,4.2 
Adidas,Adidas EQT Support Ultra ,86,139 reviews,$85,sneakers,4.3 
Adidas,Adidas SL Rise ,89,166 reviews,$30,sneakers,4.4 
Adidas,Adidas NMD_R1 v2 ,94,"10,083 reviews",$60,sneakers,4.7 
Adidas,Adidas Yeezy QNTM ,73,15 reviews,$149,sneakers,4.1 
Adidas,Adidas Ninja ZX 2K Boost ,90,127 reviews,$70,sneakers,4.5 
Adidas,Adidas EQT Support RF Primeknit ,90,"2,129 reviews",$70,sneakers,4.5 
Adidas,Adidas NMD_R2 ,92,"27,131 reviews",$40,sneakers,4.6 
Adidas,Adidas EQT Support Ultra PK King Push ,88,302 reviews,$60,sneakers,4.4 
Adidas,Adidas 8K ,87,"3,499 reviews",NA,sneakers,4.4 
Adidas,Adidas NMD_R1 GTX ,86,8 reviews,$110,sneakers,4.8 
Adidas,Adidas NMD_CS1 Primeknit ,92,789 reviews,$295,sneakers,4.6 
Adidas,Adidas EQT Support Ultra Primeknit ,91,"11,340 reviews",$116,sneakers,4.6 
Adidas,Adidas V Racer 2.0 ,83,"22,006 reviews",NA,sneakers,4.1 
Adidas,Adidas Yeezy 350 Boost ,92,752 reviews,$329,sneakers,4.6 
Adidas,Adidas Varial Mid ,83,560 reviews,NA,sneakers,4.1 
Adidas,Adidas Crazy 8 ADV ,83,163 reviews,NA,sneakers,4.1 
Adidas,Adidas Court 70s ,87,119 reviews,NA,sneakers,4.3 
Adidas,Adidas Retropy E5 ,95,"2,010 reviews",$53,sneakers,4.7 
Adidas,Adidas NMD_R1 Primeknit ,91,"25,266 reviews",$55,sneakers,4.6 
Adidas,Adidas Baseline ,89,"1,553 reviews",$39,sneakers,4.4 
Adidas,Adidas Loop Racer ,89,101 reviews,NA,sneakers,4.5 
Adidas,Adidas Puig ,77,13 reviews,$65,sneakers,4.3 
Adidas,Adidas Lite Racer ,90,"39,173 reviews",$70,sneakers,4.5 
Adidas,Adidas Stan Smith Boost ,81,184 reviews,NA,sneakers,4.1 
Adidas,Adidas Questar BYD ,90,"10,263 reviews",$80,sneakers,4.5 
Adidas,Adidas ZX 750 ,90,"15,500 reviews",$90,sneakers,4.5 
Adidas,BAPE x Adidas NMD_R1 ,93,152 reviews,$219,sneakers,4.7 
Adidas,Adidas Pro Model 2G Low ,79,831 reviews,$36,basketball-shoes,4.5 
Adidas,Adidas Crazy BYW X 2.0 New ,83,29 reviews,$60,basketball-shoes,4.8 
Adidas,Adidas Harden Stepback 2 ,85,"2,028 reviews",$57,basketball-shoes,4.5 
Adidas,Adidas Harden Stepback 3 ,84,150 reviews,$54,basketball-shoes,4.3 
Adidas,Adidas Exhibit A ,86,61 reviews,$53,basketball-shoes,4.5 
Adidas,Adidas Trae Young 2 New ,58,22 reviews,$140,basketball-shoes,2.8 
Adidas,Adidas Pro Boost Low ,85,444 reviews,$35,basketball-shoes,4.3 
Adidas,Adidas Harden Vol. 5 ,77,794 reviews,$59,basketball-shoes,4.1 
Adidas,Adidas D Rose 4 ,84,14 reviews,$60,basketball-shoes,4.6 
Adidas,Adidas D Rose 11 ,88,397 reviews,$55,basketball-shoes,4.4 
Adidas,Adidas D Rose 7 ,88,306 reviews,NA,basketball-shoes,4.4 
Adidas,Adidas Dame 7 ,90,849 reviews,$40,basketball-shoes,4.5 
Adidas,Adidas Dame 8 ,90,825 reviews,$60,basketball-shoes,4.6 
Adidas,Adidas Trae Young 1 ,90,62 reviews,$76,basketball-shoes,4.5 
Adidas,Adidas Harden Vol. 6 ,90,238 reviews,$71,basketball-shoes,4.6 
Adidas,Adidas D.O.N. Issue #3 ,88,"1,127 reviews",$45,basketball-shoes,4.6 
Adidas,Adidas D.O.N. Issue #2 ,86,"6,290 reviews",$35,basketball-shoes,4.3 
Adidas,Adidas D Rose Son Of Chi ,87,398 reviews,$64,basketball-shoes,4.6 
Adidas,Adidas Exhibit B New ,84,6 reviews,$44,basketball-shoes,4.8 
Adidas,Adidas Yeezy BSKTBL Knit ,71,16 reviews,$185,basketball-shoes,4.1 
Adidas,Adidas T-Mac 1 New ,80,11 reviews,$80,basketball-shoes,5.0 
Adidas,Adidas Son Of Chi 2 ,87,7 reviews,NA,basketball-shoes,5.0 
Adidas,Adidas D.O.N. Issue #4 New ,78,32 reviews,$55,basketball-shoes,4.4 
Adidas,Adidas T-Mac 2.0 Restomod ,85,99 reviews,$50,basketball-shoes,4.6 
Adidas,Adidas N3xt L3v3l Futurenatural ,83,132 reviews,$70,basketball-shoes,4.3 
Adidas,Adidas J Wall 2 ,82,427 reviews,$140,basketball-shoes,4.5 
Adidas,Adidas D Lillard 2 ,90,397 reviews,$90,basketball-shoes,4.4 
Adidas,Adidas D Lillard ,85,118 reviews,$50,basketball-shoes,4.4 
Adidas,Adidas D Lillard 3 ,88,"1,118 reviews",$50,basketball-shoes,4.3 
Adidas,Adidas Explosive Bounce ,87,430 reviews,$140,basketball-shoes,4.4 
Adidas,Adidas Terrex Free Hiker Lab test ,91,"3,103 reviews",$100,hiking-boots,4.6 
Adidas,Adidas Terrex Free Hiker GTX ,89,"7,573 reviews",$120,hiking-boots,4.7 
Adidas,Adidas Terrex Pathmaker CP ,83,932 reviews,$86,hiking-boots,4.6 
Adidas,Adidas Terrex AX4 GTX ,83,"1,720 reviews",$207,hiking-boots,4.4 
Adidas,Adidas Terrex Skychaser LT Mid GTX ,88,218 reviews,$120,hiking-boots,4.4 
Adidas,Adidas Terrex Skychaser XT Mid GTX ,77,501 reviews,$276,hiking-boots,4.2 
Adidas,Adidas Terrex Trailmaker Mid ,82,238 reviews,$85,hiking-boots,4.5 
Adidas,Adidas Terrex AX3 Mid GTX ,80,"9,618 reviews",$225,hiking-boots,4.4 
Adidas,Adidas Terrex Swift R2 Mid GTX ,85,"15,971 reviews",$150,hiking-boots,4.5 
Adidas,Adidas Terrex Trailmaker Mid GTX ,82,"2,266 reviews",$102,hiking-boots,4.5 
Adidas,Adidas Terrex AX3 Beta Mid CW ,78,"1,315 reviews",$88,hiking-boots,4.3 
Adidas,Adidas Terrex Swift R3 Mid GTX ,83,"1,083 reviews",$126,hiking-boots,4.5 
Adidas,Adidas Terrex Hydro Lace ,81,139 reviews,NA,hiking-boots,4.3 
Adidas,Adidas Terrex Free Hyperblue Mid ,82,5 reviews,$140,hiking-boots,5.0 
Adidas,Adidas Edge Lux 5 New ,75,721 reviews,NA,training-shoes,4.1 
Adidas,Adidas Powerlift 5 ,87,87 reviews,$31,training-shoes,4.6 
Adidas,Adidas Adipower 2 ,90,"3,742 reviews",$72,training-shoes,4.6 
Adidas,Adidas Adipower 3 New ,87,875 reviews,$63,training-shoes,4.5 
Adidas,Adidas Pureboost Trainer ,81,"1,660 reviews",$59,training-shoes,4.4 
Adidas,Adidas CrazyTrain Pro ,75,123 reviews,NA,training-shoes,4.0 
Adidas,Adidas CrazyTrain Pro 3.0 ,83,542 reviews,NA,training-shoes,4.4 
Adidas,Adidas Dropset Trainer ,89,392 reviews,$65,training-shoes,4.6 
Adidas,Adidas Powerlift 3.1 ,87,"6,882 reviews",$69,training-shoes,4.7 
Adidas,Adidas CrazyTrain Bounce ,77,104 reviews,NA,training-shoes,4.1 
Adidas,Adidas FitBoost Trainer ,85,216 reviews,$92,training-shoes,4.5 
Adidas,Adidas The Total ,89,94 reviews,$72,training-shoes,4.6 
Adidas,Adidas Athletics 24/7 Trainer ,79,775 reviews,NA,training-shoes,4.3 
Adidas,Adidas Alphabounce Trainer ,86,351 reviews,$50,training-shoes,4.3 
Adidas,Adidas Adipure 360.3 ,82,119 reviews,NA,training-shoes,4.1 
Adidas,Adidas Power Perfect 3 ,91,"3,970 reviews",$69,training-shoes,4.6 
Adidas,Adidas Futurenatural ,82,747 reviews,$45,training-shoes,4.4 
Adidas,Adidas Trainer V ,87,600 reviews,$59,training-shoes,4.5 
Adidas,Adidas Crazy Power RK ,82,496 reviews,$100,training-shoes,4.4 
Adidas,Adidas Icon Trainer ,71,341 reviews,$55,training-shoes,3.8 
Adidas,Adidas Leistung 16 II ,87,"1,212 reviews",$90,training-shoes,4.6 
Adidas,Adidas Powerlift 4 ,90,"18,186 reviews",$41,training-shoes,4.7 
Adidas,Adidas Power Perfect 2 ,91,808 reviews,NA,training-shoes,4.6 
Adidas,Adidas Crazytrain LT ,84,172 reviews,NA,training-shoes,4.5 
Adidas,Adidas AdiPower Weightlifting Shoes ,92,"1,964 reviews",$165,training-shoes,4.7 
Adidas,Adidas Terrex Free Hiker Cold.RDY ,89,836 reviews,$212,hiking-shoes,4.6 
Adidas,Adidas Terrex Free Hiker Parley ,88,842 reviews,$130,hiking-shoes,4.5 
Adidas,Adidas Terrex Swift R3 ,80,886 reviews,$74,hiking-shoes,4.2 
Adidas,Adidas Terrex Skychaser LT GTX ,81,"3,360 reviews",$97,hiking-shoes,4.3 
Adidas,Adidas Terrex Skychaser XT GTX ,81,405 reviews,NA,hiking-shoes,4.3 
Adidas,Adidas Terrex Voyager ,78,691 reviews,$45,hiking-shoes,4.2 
Adidas,Adidas Terrex Swift R2 GTX Lab test ,88,"48,377 reviews",$71,hiking-shoes,4.5 
Adidas,Adidas Terrex Swift R3 GTX ,85,"5,806 reviews",$74,hiking-shoes,4.3 
Adidas,Adidas Terrex Hikster ,80,155 reviews,$66,hiking-shoes,4.3 
Adidas,Adidas Terrex AX4 ,80,"1,208 reviews",NA,hiking-shoes,4.3 
Adidas,Adidas Terrex Skychaser 2.0 GTX ,79,485 reviews,$119,hiking-shoes,4.3 
Adidas,Adidas Terrex Folgian Hiker ,79,347 reviews,$75,hiking-shoes,4.3 
Adidas,Adidas Terrex AX2R GTX ,83,"2,793 reviews",$100,hiking-shoes,4.5 
Adidas,Adidas Terrex Trailmaker ,83,"1,320 reviews",$41,hiking-shoes,4.5 
Adidas,Adidas Terrex Fast Mid GTX Surround ,87,396 reviews,$110,hiking-shoes,4.2 
Adidas,Adidas Terrex Trailmaker Primegreen ,88,58 reviews,$68,hiking-shoes,4.7 
Adidas,Adidas Terrex AX3 ,83,"50,296 reviews",$50,hiking-shoes,4.4 
Adidas,Adidas Terrex AX3 GTX ,80,"15,400 reviews",$75,hiking-shoes,4.3 
Adidas,Adidas Terrex AX4 Primegreen ,86,"3,960 reviews",$50,hiking-shoes,4.3 
Adidas,Adidas Terrex Eastrail ,87,"10,452 reviews",$69,hiking-shoes,4.4 
Adidas,Adidas Terrex Eastrail GTX ,81,"6,527 reviews",$70,hiking-shoes,4.3 
Adidas,Adidas Terrex Fast GTX Surround ,84,355 reviews,$100,hiking-shoes,4.3 
Adidas,Adidas Terrex Eastrail Mid GTX ,79,"2,836 reviews",$130,hiking-shoes,4.4 
Adidas,Adidas Caprock ,83,353 reviews,$60,hiking-shoes,4.5 
Adidas,Adidas Terrex Swift R2 ,84,"20,152 reviews",$195,hiking-shoes,4.4 
Adidas,Adidas Terrex Skychaser 2.0 ,82,"1,572 reviews",$73,hiking-shoes,4.4 
Adidas,Adidas Edge Lux 5 New ,75,721 reviews,NA,training-shoes,4.1 
Adidas,Adidas Powerlift 5 ,87,87 reviews,$31,training-shoes,4.6 
Adidas,Adidas Adipower 2 ,90,"3,742 reviews",$72,training-shoes,4.6 
Adidas,Adidas Adipower 3 New ,87,875 reviews,$63,training-shoes,4.5 
Adidas,Adidas Pureboost Trainer ,81,"1,660 reviews",$59,training-shoes,4.4 
Adidas,Adidas CrazyTrain Pro ,75,123 reviews,NA,training-shoes,4.0 
Adidas,Adidas CrazyTrain Pro 3.0 ,83,542 reviews,NA,training-shoes,4.4 
Adidas,Adidas Dropset Trainer ,89,392 reviews,$65,training-shoes,4.6 
Adidas,Adidas Powerlift 3.1 ,87,"6,882 reviews",$69,training-shoes,4.7 
Adidas,Adidas CrazyTrain Bounce ,77,104 reviews,NA,training-shoes,4.1 
Adidas,Adidas FitBoost Trainer ,85,216 reviews,$92,training-shoes,4.5 
Adidas,Adidas The Total ,89,94 reviews,$72,training-shoes,4.6 
Adidas,Adidas Athletics 24/7 Trainer ,79,775 reviews,NA,training-shoes,4.3 
Adidas,Adidas Alphabounce Trainer ,86,351 reviews,$50,training-shoes,4.3 
Adidas,Adidas Adipure 360.3 ,82,119 reviews,NA,training-shoes,4.1 
Adidas,Adidas Power Perfect 3 ,91,"3,970 reviews",$69,training-shoes,4.6 
Adidas,Adidas Futurenatural ,82,747 reviews,$45,training-shoes,4.4 
Adidas,Adidas Trainer V ,87,600 reviews,$59,training-shoes,4.5 
Adidas,Adidas Crazy Power RK ,82,496 reviews,$100,training-shoes,4.4 
Adidas,Adidas Icon Trainer ,71,341 reviews,$55,training-shoes,3.8 
Adidas,Adidas Leistung 16 II ,87,"1,212 reviews",$90,training-shoes,4.6 
Adidas,Adidas Powerlift 4 ,90,"18,186 reviews",$41,training-shoes,4.7 
Adidas,Adidas Power Perfect 2 ,91,808 reviews,NA,training-shoes,4.6 
Adidas,Adidas Crazytrain LT ,84,172 reviews,NA,training-shoes,4.5 
Adidas,Adidas AdiPower Weightlifting Shoes ,92,"1,964 reviews",$165,training-shoes,4.7 
Adidas,Adidas Terrex Voyager 21 New ,90,"1,174 reviews",$54,walking-shoes,4.5 
Adidas,Adidas SoleCourt Parley ,81,348 reviews,$239,tennis-shoes,4.4 
Adidas,Adidas Adizero Defiant Bounce 2 ,80,697 reviews,NA,tennis-shoes,4.3 
Adidas,Adidas Stycon ,77,743 reviews,$45,tennis-shoes,4.1 
Adidas,Adidas Adizero Ubersonic 4 ,87,"1,230 reviews",$68,tennis-shoes,4.2 
Adidas,Adidas Adizero Ubersonic 3.0 ,90,"2,406 reviews",$108,tennis-shoes,4.4 
Adidas,Adidas Adizero Defiant Bounce ,85,967 reviews,$80,tennis-shoes,4.1 
Adidas,Adidas SoleCourt Boost Clay ,83,943 reviews,$90,tennis-shoes,4.2 
Adidas,Adidas Stycon Clay ,73,230 reviews,$105,tennis-shoes,3.9 
Adidas,Adidas SoleCourt Primeblue ,79,203 reviews,$90,tennis-shoes,4.2 
Adidas,Adidas Adizero Ubersonic 3.0 Clay ,87,708 reviews,$104,tennis-shoes,4.3 
Adidas,Adidas Adizero Club ,81,"2,705 reviews",NA,tennis-shoes,4.4 
Adidas,Adidas Stycon BOA ,86,146 reviews,NA,tennis-shoes,4.2 
Adidas,Adidas Barricade Club ,86,"2,540 reviews",$123,tennis-shoes,4.4 
Adidas,Adidas Adizero Ubersonic ,82,93 reviews,$80,tennis-shoes,4.2 
Adidas,Adidas Adizero Ubersonic 2.0 ,86,595 reviews,$80,tennis-shoes,4.4 
Adidas,Adidas Barricade ,87,"4,129 reviews",$70,tennis-shoes,4.3 
Adidas,Adidas Barricade 2018 ,85,588 reviews,$94,tennis-shoes,4.2 
Adidas,Adidas Barricade Classic Bounce ,78,658 reviews,NA,tennis-shoes,4.2 
Adidas,Adidas SoleMatch Bounce ,81,"2,712 reviews",$140,tennis-shoes,4.2 
Adidas,Adidas GameCourt ,82,"14,072 reviews",$62,tennis-shoes,4.2 
Adidas,Adidas CourtJam Bounce ,84,"4,744 reviews",$76,tennis-shoes,4.3 
Adidas,Adidas Adizero Prime SP ,85,62 reviews,$80,track-and-field-shoes,4.2 
Adidas,Adidas Adizero Ambition 4 ,84,300 reviews,$35,track-and-field-shoes,4.2 
Adidas,Adidas Adizero Prime Finesse ,84,285 reviews,$33,track-and-field-shoes,4.4 
Adidas,Adidas Adizero Shotput ,88,204 reviews,$80,track-and-field-shoes,4.6 
Adidas,Adidas Adizero MD ,89,148 reviews,$70,track-and-field-shoes,4.6 
Adidas,Adidas Adizero LJ 2 ,83,12 reviews,$65,track-and-field-shoes,4.9 
Adidas,Adidas Adizero MD 2 ,76,25 reviews,$28,track-and-field-shoes,4.4 
Adidas,Adidas Adizero HJ ,83,220 reviews,$70,track-and-field-shoes,4.3 
Adidas,Adidas Adizero Finesse ,89,129 reviews,NA,track-and-field-shoes,4.5 
Adidas,Adidas Adizero LJ ,88,214 reviews,$65,track-and-field-shoes,4.6 
Adidas,Adidas Adizero TJ/PV ,87,205 reviews,$50,track-and-field-shoes,4.6 
Adidas,Adidas Adizero Avanti ,82,137 reviews,$26,track-and-field-shoes,4.3 
Adidas,Adidas Adizero Accelerator ,87,142 reviews,$34,track-and-field-shoes,4.4 
Adidas,Adidas Throwstar ,80,252 reviews,NA,track-and-field-shoes,4.2 
Adidas,Adidas Jumpstar ,82,191 reviews,$68,track-and-field-shoes,4.3 
Adidas,Adidas Sprintstar ,88,"1,752 reviews",$41,track-and-field-shoes,4.5 
Adidas,Adidas Distancestar ,87,"1,217 reviews",$17,track-and-field-shoes,4.4 
Adidas,Adidas Adizero Ambition ,83,98 reviews,$25,track-and-field-shoes,4.4 
Adidas,Adidas Adizero Javelin Throw ,85,81 reviews,$100,track-and-field-shoes,4.5 
Adidas,Adidas Copa 19.1 Indoor ,82,8 reviews,NA,soccer-cleats,4.9 
Adidas,Adidas Copa 20+ Firm Ground ,85,18 reviews,NA,soccer-cleats,5.0 
Adidas,Adidas Ace 17.1 Firm Ground ,83,224 reviews,NA,soccer-cleats,4.2 
Adidas,Adidas Ace 17.3 Firm Ground ,83,"1,025 reviews",NA,soccer-cleats,4.1 
Adidas,Adidas Copa 20.3 Firm Ground ,86,"4,549 reviews",$41,soccer-cleats,4.4 
Adidas,Adidas Nemeziz 19+ Firm Ground ,85,108 reviews,$110,soccer-cleats,4.4 
Adidas,Adidas X Speedflow.1 FG ,85,92 reviews,$182,soccer-cleats,4.2 
Adidas,Adidas X 17.1 Firm Ground ,81,647 reviews,$70,soccer-cleats,4.3 
Adidas,Adidas Copa 19.4 Turf ,82,423 reviews,NA,soccer-cleats,4.2 
Adidas,Adidas Predator 20.1 Shoes ,89,85 reviews,$67,soccer-cleats,4.7 
Adidas,Adidas Nemeziz 19.1 Firm Ground ,86,360 reviews,$91,soccer-cleats,4.4 
Adidas,Adidas X Speedflow.2 Firm Ground New ,81,66 reviews,NA,soccer-cleats,4.3 
Adidas,Adidas Copa 19.4 Indoor ,82,827 reviews,NA,soccer-cleats,4.4 
Adidas,Adidas Copa Sense.1 FG New ,78,108 reviews,$92,soccer-cleats,4.2 
Adidas,Adidas Nemeziz 17+ 360 Agility Firm Ground ,90,257 reviews,$85,soccer-cleats,4.5 
Adidas,Adidas Nemeziz 19.3 Turf ,88,"2,539 reviews",NA,soccer-cleats,4.5 
Adidas,Adidas Copa 20.1 Firm Ground ,81,214 reviews,$102,soccer-cleats,4.3 
Adidas,Adidas Copa 19.3 Firm Ground ,80,"1,410 reviews",$40,soccer-cleats,4.3 
Adidas,Adidas Copa 19.4 Firm Ground ,84,"2,829 reviews",$60,soccer-cleats,4.3 
Adidas,Adidas Nemeziz Messi 19.1 Firm Ground ,86,77 reviews,$80,soccer-cleats,4.6 
Adidas,Adidas Copa Sense+ FG ,82,96 reviews,$145,soccer-cleats,4.3 
Adidas,Adidas X Speedflow.3 Laceless Firm Ground New ,83,475 reviews,NA,soccer-cleats,4.4 
Adidas,Adidas Predator Mutator 20.1 Firm Ground ,75,372 reviews,$126,soccer-cleats,4.0 
Adidas,Adidas Nemeziz 19.3 Indoor ,86,"1,784 reviews",$59,soccer-cleats,4.5 
Adidas,Adidas Nemeziz 17.3 Firm Ground ,83,"1,210 reviews",NA,soccer-cleats,4.4 
Adidas,Adidas Predator 19.3 Shoes ,66,29 reviews,NA,soccer-cleats,3.9 
Adidas,Adidas Predator Edge+ FG ,87,57 reviews,$159,soccer-cleats,4.6 
Adidas,Adidas Predator Freak.1 FG New ,80,495 reviews,$250,soccer-cleats,4.2 
Adidas,Adidas Predator Freak+ ,89,326 reviews,$190,soccer-cleats,4.5 
Adidas,Adidas Predator 20.2 Firm Ground ,83,"2,063 reviews",$65,soccer-cleats,4.4 
Adidas,Adidas Adizero Primeknit ,89,757 reviews,$65,football-cleats,4.5 
Adidas,Adidas Adizero Scorch New ,87,204 reviews,$60,football-cleats,4.4 
Adidas,Adidas Adizero 11.0 ,90,123 reviews,NA,football-cleats,4.5 
Adidas,Adidas Adizero 8.0 ,92,"3,392 reviews",$42,football-cleats,4.6 
Adidas,Adidas Freak Ultra ,84,188 reviews,$45,football-cleats,4.2 
Adidas,Adidas Adizero 9.0 ,87,17 reviews,NA,football-cleats,4.8 
Adidas,Adidas Freak Carbon Mid ,87,"1,030 reviews",$80,football-cleats,4.3 
Adidas,Adidas Freak Carbon Low ,88,"1,218 reviews",$55,football-cleats,4.4 
Adidas,Adidas Freak X Carbon Mid ,87,"2,046 reviews",$60,football-cleats,4.4 
Adidas,Adidas Adizero 8.0 Sk Cleats ,90,113 reviews,NA,football-cleats,4.5 
Adidas,Adidas Freak Ultra Primeknit ,84,52 reviews,$100,football-cleats,4.2 
Adidas,Adidas Adizero 8.0 Primeknit Cleats ,92,168 reviews,NA,football-cleats,4.6 
Adidas,Adidas Adizero 5-Star 7.0 X Primeknit ,85,10 reviews,NA,football-cleats,4.7 
Adidas,Adidas Tour 360 Boost 2.0 ,91,"2,956 reviews",NA,golf-shoes,4.7 
Adidas,Adidas Tech Response ,85,"79,584 reviews",$35,golf-shoes,4.6 
Adidas,Adidas S2G ,84,"10,086 reviews",$49,golf-shoes,4.7 
Adidas,Adidas Tour360 XT SL ,92,"11,358 reviews",$80,golf-shoes,4.6 
Adidas,Adidas ForgeFiber BOA ,90,"1,146 reviews",$170,golf-shoes,4.5 
Adidas,Adidas ZG21 ,94,"3,490 reviews",$49,golf-shoes,4.6 
Adidas,Adidas ZG21 BOA ,88,489 reviews,$110,golf-shoes,4.5 
Adidas,Adidas Tour360 22 ,87,649 reviews,$120,golf-shoes,4.2 
Adidas,Adidas CodeChaos BOA ,91,385 reviews,$110,golf-shoes,4.6 
Adidas,Adidas Stan Smith Golf ,88,"1,311 reviews",$96,golf-shoes,4.5 
Adidas,Adidas Tech Response 2.0 ,84,"3,334 reviews",$38,golf-shoes,4.7 
Adidas,Adidas Samba Golf New ,80,7 reviews,$120,golf-shoes,4.6 
Adidas,Adidas CodeChaos 22 New ,93,254 reviews,$98,golf-shoes,4.6 
Adidas,Adidas Adipure ,84,278 reviews,$90,golf-shoes,4.1 
Adidas,Adidas Tour360 XT ,91,"3,465 reviews",$70,golf-shoes,4.7 
Adidas,Adidas CP Traxion BOA ,87,"1,176 reviews",$55,golf-shoes,4.5 
Adidas,Adidas Tour360 Knit ,88,769 reviews,$52,golf-shoes,4.5 
Adidas,Adidas Tour360 EQT BOA ,84,364 reviews,NA,golf-shoes,4.5 
Adidas,Adidas Tour360 XT SL BOA ,82,288 reviews,$177,golf-shoes,4.5 
Adidas,Adidas CodeChaos ,89,"5,616 reviews",$71,golf-shoes,4.6 
Adidas,Adidas Adicross Bounce ,87,"2,449 reviews",$55,golf-shoes,4.5 
Adidas,Adidas Crossknit Boost ,84,470 reviews,$130,golf-shoes,4.3 
Adidas,Adidas Adicross Bounce 2.0 ,81,"2,277 reviews",$55,golf-shoes,4.5 
Adidas,Adidas CP Traxion Spikeless ,88,"2,894 reviews",$65,golf-shoes,4.6 
Adidas,Adidas Tour360 XT Primeknit ,92,"2,370 reviews",$113,golf-shoes,4.6 
Adidas,Adidas Indoor Cycling Shoes ,82,693 reviews,NA,cycling-shoes,4.4 
Adidas,Five Ten Freerider DLX ,85,410 reviews,$63,cycling-shoes,4.6 
Adidas,Adidas Questar Flow NXT ,76,"16,321 reviews",$44,running-shoes,4.2 
Adidas,Adidas Adizero Boston 10 ,85,"1,898 reviews",$57,running-shoes,4.3 
Adidas,Adidas Terrex Two Ultra Parley ,85,748 reviews,$73,running-shoes,4.4 
Adidas,Adidas Pureboost Go ,90,"21,890 reviews",$45,running-shoes,4.5 
Adidas,Adidas Adizero Boston Boost 6 ,89,"2,221 reviews",$80,running-shoes,4.4 
Adidas,Adidas Adizero Prime X ,90,278 reviews,$170,running-shoes,4.6 
Adidas,Adidas Adizero Tempo 9 ,87,"1,893 reviews",NA,running-shoes,4.3 
Adidas,Adidas Ultraboost 21 Lab test ,89,"40,779 reviews",$50,running-shoes,4.6 
Adidas,Adidas Adizero Adios 6 ,87,"1,146 reviews",$34,running-shoes,4.4 
Adidas,Adidas Alphabounce RC ,79,"3,063 reviews",$130,running-shoes,4.4 
Adidas,Adidas Energy Boost 3 ,84,"1,796 reviews",$80,running-shoes,4.4 
Adidas,Adidas Ultraboost 19 ,91,"83,778 reviews",$100,running-shoes,4.7 
Adidas,Adidas Adizero Adios Pro 3 ,91,191 reviews,$175,running-shoes,4.6 
Adidas,Adidas Ultraboost PB ,90,"5,167 reviews",$70,running-shoes,4.5 
Adidas,Adidas Terrex Agravic XT ,79,200 reviews,$70,running-shoes,4.4 
Adidas,Adidas Solarboost 3 ,87,352 reviews,$160,running-shoes,4.3 
Adidas,Adidas Rockadia Trail 3 ,78,"5,270 reviews",$58,running-shoes,4.3 
Adidas,Adidas Nova Flow ,79,"7,439 reviews",$38,running-shoes,4.4 
Adidas,Adidas Terrex Speed Ultra Lab test ,90,"1,098 reviews",$70,running-shoes,4.5 
Adidas,Adidas 4D Fusio ,76,"1,096 reviews",$105,running-shoes,4.2 
Adidas,Adidas Ultraboost 5.0 DNA ,91,"14,703 reviews",$100,running-shoes,4.7 
Adidas,Adidas Terrex Agravic Speed ,85,955 reviews,$83,running-shoes,4.2 
Adidas,Adidas Response Super 2.0 ,80,"4,623 reviews",$45,running-shoes,4.4 
Adidas,Adidas Adizero RC 2 ,84,"1,065 reviews",$104,running-shoes,4.4 
Adidas,Adidas Alphabounce AMS ,83,361 reviews,$175,running-shoes,4.4 
Adidas,Adidas Edge Runner ,79,221 reviews,$90,running-shoes,4.4 
Adidas,Adidas Pureboost 21 ,80,"1,176 reviews",$33,running-shoes,4.5 
Adidas,Adidas Solar Glide ,88,"10,390 reviews",$51,running-shoes,4.4 
Adidas,Adidas Terrex Tracerocker ,86,"3,354 reviews",$57,running-shoes,4.4 
Adidas,Adidas Solar Boost ST 19 ,84,"1,891 reviews",$95,running-shoes,4.5 
Adidas,Adidas Quesence ,91,519 reviews,NA,sneakers,4.6 
Adidas,Adidas NMD_R1 ,92,"181,058 reviews",$45,sneakers,4.6 
Adidas,Adidas Rivalry RM Low ,91,138 reviews,$65,sneakers,4.6 
Adidas,Adidas SL 7600 ,79,36 reviews,$35,sneakers,4.4 
Adidas,Adidas NMD_R2 Primeknit ,88,"4,255 reviews",$80,sneakers,4.4 
Adidas,Adidas NMD_TS1 Primeknit ,92,"2,389 reviews",$139,sneakers,4.6 
Adidas,Adidas NMD_CS2 Primeknit ,85,"1,024 reviews",$90,sneakers,4.3 
Adidas,Adidas NMD_XR1 Primeknit ,88,"2,651 reviews",$120,sneakers,4.4 
Adidas,Adidas AW Run Mid ,83,29 reviews,$250,sneakers,4.6 
Adidas,Adidas Torsion TRDC ,68,20 reviews,$50,sneakers,3.8 
Adidas,Adidas Ozweego TR ,84,24 reviews,$60,sneakers,4.7 
Adidas,Adidas ZX 1K Boost ,83,"3,178 reviews",$34,sneakers,4.1 
Adidas,Adidas Torsion Comp ,82,97 reviews,$50,sneakers,4.1 
Adidas,Adidas Ozweego Pure ,93,"1,277 reviews",$72,sneakers,4.6 
Adidas,Adidas POD-S3.2 ML ,83,10 reviews,$65,sneakers,4.6 
Adidas,Adidas Ultra Tech  ,90,265 reviews,$45,sneakers,4.5 
Adidas,Adidas NMD_Racer Primeknit ,90,506 reviews,$50,sneakers,4.5 
Adidas,Adidas EQT Gazelle ,88,924 reviews,$35,sneakers,4.4 
Adidas,Adidas Ozweego Pride ,83,31 reviews,NA,sneakers,4.6 
Adidas,Adidas Deerupt S ,90,"1,076 reviews",$115,sneakers,4.5 
Adidas,Adidas Busenitz Pure Boost ,87,124 reviews,$70,sneakers,4.3 
Adidas,Adidas Yung-1 Trail ,90,69 reviews,$65,sneakers,4.5 
Adidas,Adidas ZX Flux ADV Asymmetrical ,92,128 reviews,$80,sneakers,4.6 
Adidas,Adidas EQT Support SK Primeknit ,91,216 reviews,$62,sneakers,4.5 
Adidas,Adidas Ozweego ,95,"70,048 reviews",$45,sneakers,4.8 
Adidas,Adidas Trimm Trab ,92,124 reviews,NA,sneakers,4.6 
Adidas,Adidas Sabalo Slip-On ,87,204 reviews,NA,sneakers,4.4 
Adidas,Adidas Team Court ,91,"3,952 reviews",$33,sneakers,4.5 
Adidas,Adidas Yeezy 350 Boost v2 ,88,"6,488 reviews",$245,sneakers,4.4 
Adidas,Adidas NMD_R1 STLT Primeknit ,92,"17,414 reviews",$55,sneakers,4.6 
Adidas,Adidas AdiPure CrazyQuick ,74,29 reviews,NA,basketball-shoes,3.7 
Adidas,Adidas Dame 5 ,90,"1,674 reviews",$35,basketball-shoes,4.5 
Adidas,Adidas Dame 6 ,88,"1,297 reviews",$37,basketball-shoes,4.6 
Adidas,Adidas Dame 4 ,91,691 reviews,$400,basketball-shoes,4.5 
Adidas,Adidas D Rose 8 ,89,205 reviews,$70,basketball-shoes,4.4 
Adidas,Adidas D Rose 9 ,79,29 reviews,NA,basketball-shoes,4.4 
Adidas,Adidas D Rose 10 ,86,153 reviews,$50,basketball-shoes,4.4 
Adidas,Adidas Rise Up 2 ,80,257 reviews,$65,basketball-shoes,4.4 
Adidas,Adidas Crazy 1 ,81,155 reviews,$150,basketball-shoes,4.4 
Adidas,Adidas Crazy 8 ,86,494 reviews,$200,basketball-shoes,4.4 
Adidas,Adidas D Rose 773 V ,85,70 reviews,NA,basketball-shoes,4.5 
Adidas,Adidas Crazy 97 ,82,28 reviews,NA,basketball-shoes,4.6 
Adidas,Adidas D Rose 773 IV ,82,336 reviews,NA,basketball-shoes,4.4 
Adidas,Adidas NXT LVL SPD V ,78,104 reviews,$130,basketball-shoes,4.2 
Adidas,Adidas Own The Game ,81,"4,959 reviews",$60,basketball-shoes,4.4 
Adidas,Adidas Crazy BYW X ,86,129 reviews,$99,basketball-shoes,4.2 
Adidas,Adidas Light Em Up 2 ,84,448 reviews,$180,basketball-shoes,4.3 
Adidas,Adidas Pro Model 2G ,91,"3,172 reviews",$35,basketball-shoes,4.6 
Adidas,Adidas D Rose 773 III ,82,924 reviews,$63,basketball-shoes,4.4 
Adidas,Adidas N3xt L3v3l ,88,568 reviews,$40,basketball-shoes,4.4 
Adidas,Adidas Pro Next 2019 ,84,"2,584 reviews",$70,basketball-shoes,4.6 
Adidas,Adidas Harden Vol 3 ,91,653 reviews,$65,basketball-shoes,4.6 
Adidas,Adidas Harden B/E 3 ,83,"1,708 reviews",$27,basketball-shoes,4.5 
Adidas,Adidas Harden B/E ,88,138 reviews,$30,basketball-shoes,4.3 
Adidas,Adidas Harden B/E 2 ,85,460 reviews,$50,basketball-shoes,4.5 
Adidas,Adidas Pro Vision ,83,"1,726 reviews",$30,basketball-shoes,4.3 
Adidas,Adidas Mad Bounce ,88,360 reviews,$89,basketball-shoes,4.5 
Adidas,Adidas Harden Vol. 4 ,89,"1,411 reviews",$45,basketball-shoes,4.5 
Adidas,Adidas Harden Vol. 2 ,92,983 reviews,$90,basketball-shoes,4.6 
Adidas,Adidas Harden Vol. 1 ,88,375 reviews,$40,basketball-shoes,4.4 
Adidas,Adidas Predator Pulse Firm Ground ,83,25 reviews,$240,soccer-cleats,4.7 
Adidas,Adidas Predator 20.3 Firm Ground ,85,"14,353 reviews",$40,soccer-cleats,4.5 
Adidas,Adidas X Ghosted+ Firm Ground ,58,21 reviews,$140,soccer-cleats,3.4 
Adidas,Adidas Nemeziz 19.3 Firm Ground Laceless ,85,508 reviews,NA,soccer-cleats,4.4 
Adidas,Adidas Goletto 6 Turf ,86,841 reviews,NA,soccer-cleats,4.4 
Adidas,Adidas X 17.2 Firm Ground ,77,404 reviews,NA,soccer-cleats,4.1 
Adidas,Adidas Samba Classic ,91,"50,562 reviews",$55,soccer-cleats,4.5 
Adidas,Adidas X Ghosted.2 Firm Ground ,81,662 reviews,$43,soccer-cleats,4.3 
Adidas,Adidas X Speedflow+ FG ,91,96 reviews,$275,soccer-cleats,4.7 
Adidas,Adidas Top Sala ,86,202 reviews,$114,soccer-cleats,4.5 
Adidas,Adidas World Cup ,85,"1,423 reviews",$98,soccer-cleats,4.5 
Adidas,Adidas X 19.1 Turf ,65,12 reviews,NA,soccer-cleats,3.8 
Adidas,Adidas Super Sala ,83,"1,416 reviews",$80,soccer-cleats,4.2 
Adidas,Adidas Copa Super ,82,"1,618 reviews",$50,soccer-cleats,4.3 
Adidas,Adidas Copa 20.1 Turf ,83,21 reviews,NA,soccer-cleats,4.9 
Adidas,Adidas Copa 19.3 Turf ,81,825 reviews,$85,soccer-cleats,4.3 
Adidas,Adidas Kaiser 5 Liga ,88,"13,666 reviews",NA,soccer-cleats,4.6 
Adidas,Adidas Kaiser 5 Team ,87,"5,242 reviews",NA,soccer-cleats,4.4 
Adidas,Adidas X 19.3 Indoor ,82,695 reviews,$46,soccer-cleats,4.4 
Adidas,Adidas X Tango 18+ Turf ,86,108 reviews,NA,soccer-cleats,4.6 
Adidas,Adidas X 19.1 Indoor ,79,136 reviews,NA,soccer-cleats,4.2 
Adidas,Adidas Mundial Team ,91,"19,544 reviews",$75,soccer-cleats,4.6 
Adidas,Adidas Mundial Goal ,91,"4,622 reviews",$83,soccer-cleats,4.6 
Adidas,Adidas X Tango 18.3 Turf  ,80,834 reviews,$45,soccer-cleats,4.3 
Adidas,Adidas X 19+ Firm Ground ,81,43 reviews,$91,soccer-cleats,4.8 
Adidas,Adidas X Tango 17.3 Turf ,77,378 reviews,NA,soccer-cleats,4.1 
Adidas,Adidas X 18.1 Firm Ground ,85,"2,252 reviews",$160,soccer-cleats,4.3 
Adidas,Adidas X 19.3 Firm Ground ,87,"2,139 reviews",$40,soccer-cleats,4.5 
Adidas,Adidas X 17.1 Soft Ground ,78,199 reviews,$70,soccer-cleats,4.2 
Adidas,Adidas X 18.3 Firm Ground ,85,"2,164 reviews",$65,soccer-cleats,4.3 
Adidas,Adidas Adizero Takumi Sen 8 ,88,190 reviews,$120,running-shoes,4.5 
Adidas,Adidas Duramo Lite ,76,"2,183 reviews",NA,running-shoes,4.2 
Adidas,Adidas Adizero Adios Pro ,95,88 reviews,$135,running-shoes,4.9 
Adidas,Adidas Adizero Boston Boost 7 ,92,"2,143 reviews",NA,running-shoes,4.6 
Adidas,Adidas Alphabounce Parley ,75,222 reviews,$105,running-shoes,4.2 
Adidas,Adidas Adizero Prime LTD ,82,312 reviews,$45,running-shoes,4.2 
Adidas,Adidas Response ST ,86,173 reviews,NA,running-shoes,4.3 
Adidas,Adidas Terrex Agravic ,84,"2,971 reviews",$79,running-shoes,4.2 
Adidas,Adidas Adizero Boston 11 New ,87,126 reviews,$70,running-shoes,4.5 
Adidas,Adidas Duramo 8 ,79,"9,082 reviews",$40,running-shoes,4.2 
Adidas,Adidas Duramo 6 ,84,"1,551 reviews",$65,running-shoes,4.4 
Adidas,Adidas Racer TR21 ,88,"21,111 reviews",$38,running-shoes,4.5 
Adidas,Adidas Response Boost Trail ,77,108 reviews,NA,running-shoes,3.9 
Adidas,Adidas Kanadia 8 ,83,938 reviews,$70,running-shoes,4.2 
Adidas,Adidas Terrex Agravic Flow ,87,"2,047 reviews",$45,running-shoes,4.5 
Adidas,Adidas Terrex Agravic GTX ,85,"1,447 reviews",$140,running-shoes,4.3 
Adidas,Adidas Terrex Agravic XT GTX ,84,544 reviews,$170,running-shoes,4.4 
Adidas,Adidas Ultraboost Summer.RDY ,89,769 reviews,$70,running-shoes,4.6 
Adidas,Adidas Alphabounce ,86,"4,283 reviews",$45,running-shoes,4.4 
Adidas,Adidas Adizero Prime Parley ,86,284 reviews,$63,running-shoes,4.4 
Adidas,Adidas Questar Ride ,80,"4,213 reviews",NA,running-shoes,4.5 
Adidas,Adidas Ultraboost ,89,"63,994 reviews",$45,running-shoes,4.6 
Adidas,Adidas Alphabounce Instinct ,88,"2,577 reviews",$30,running-shoes,4.5 
Adidas,Adidas Galaxy 4 ,81,"42,342 reviews",$100,running-shoes,4.5 
Adidas,Adidas Senseboost Go Winter ,74,7 reviews,$45,running-shoes,4.6 
Adidas,Adidas Terrex Speed LD ,79,523 reviews,NA,running-shoes,4.4 
Adidas,Adidas Pureboost 2.0 ,83,34 reviews,NA,running-shoes,4.6 
Adidas,Adidas Aerobounce 2 ,80,"1,683 reviews",$45,running-shoes,4.4 
Adidas,Adidas EQ19 ,81,"3,935 reviews",$85,running-shoes,4.5 
Adidas,Adidas Ultraboost 2.0 ,80,36 reviews,$60,running-shoes,4.4 
Adidas,Adidas Tubular Dusk ,89,"3,627 reviews",$50,sneakers,4.4 
Adidas,Adidas Stan Smith CF ,91,"7,727 reviews",NA,sneakers,4.5 
Adidas,Adidas Forum 84 Low ,96,431 reviews,$53,sneakers,4.8 
Adidas,Adidas Tyshawn ,90,165 reviews,$40,sneakers,4.5 
Adidas,Adidas Samba Super ,92,"8,946 reviews",$183,sneakers,4.6 
Adidas,Adidas NMD_XR1 ,86,"1,223 reviews",$40,sneakers,4.3 
Adidas,Adidas ZX 2K Boost ,93,"4,478 reviews",$50,sneakers,4.7 
Adidas,Adidas Samba Recon LT ,90,128 reviews,NA,sneakers,4.5 
Adidas,Adidas Response CL ,83,5 reviews,$148,sneakers,4.6 
Adidas,Adidas Tubular Instinct ,89,133 reviews,$26,sneakers,4.5 
Adidas,Adidas Yeezy Boost 700 ,85,214 reviews,$335,sneakers,4.2 
Adidas,Adidas Kaptir Super ,88,"9,302 reviews",$40,sneakers,4.4 
Adidas,Adidas Tubular Nova Primeknit ,88,"1,166 reviews",$85,sneakers,4.4 
Adidas,Adidas EQT Support ADV Primeknit ,86,891 reviews,$60,sneakers,4.3 
Adidas,Adidas Ozweego Celox ,96,"1,880 reviews",$80,sneakers,4.8 
Adidas,Adidas Slamcourt ,90,12 reviews,NA,sneakers,5.0 
Adidas,Adidas Sleek Super ,86,"2,619 reviews",$50,sneakers,4.3 
Adidas,Adidas Samba Super Suede ,92,"4,002 reviews",NA,sneakers,4.6 
Adidas,Adidas Pharrell Williams Human Race NMD ,94,"7,722 reviews",$98,sneakers,4.7 
Adidas,Adidas Ozweego Plus ,86,65 reviews,$65,sneakers,4.3 
Adidas,Adidas Swift Run X ,89,"10,449 reviews",$40,sneakers,4.5 
Adidas,Adidas Hoops 2.0 ,91,"47,233 reviews",$75,sneakers,4.5 
Adidas,Adidas Cloudfoam Advantage Clean ,89,"36,017 reviews",NA,sneakers,4.5 
Adidas,Adidas Gazelle Primeknit ,85,156 reviews,$50,sneakers,4.2 
Adidas,Adidas Run 70s  ,87,"3,896 reviews",$60,sneakers,4.3 
Adidas,Adidas Yung-96 ,89,"11,384 reviews",$29,sneakers,4.5 
Adidas,Adidas ZX Flux Xeno ,80,167 reviews,$60,sneakers,4.0 
Adidas,Adidas Tubular Invader ,91,899 reviews,$44,sneakers,4.5 
Adidas,Adidas Sobakov P94 ,90,336 reviews,$85,sneakers,4.5 
Adidas,Adidas Campus 80S ,86,701 reviews,$45,sneakers,4.3 
Adidas,Adidas Pro Spark 2018 ,87,780 reviews,$129,basketball-shoes,4.6 
Adidas,Adidas Pro Bounce 2018 ,86,"1,350 reviews",$70,basketball-shoes,4.5 
Adidas,Adidas Pro Bounce 2019 ,83,"1,999 reviews",$34,basketball-shoes,4.4 
Adidas,Adidas Crazy Shadow 2 ,88,52 reviews,$69,basketball-shoes,4.4 
Adidas,Adidas Crazy Bounce ,79,205 reviews,$65,basketball-shoes,4.2 
Adidas,Adidas Mad Bounce 2018 ,82,151 reviews,$45,basketball-shoes,4.4 
Adidas,Adidas Fusion Storm ,75,170 reviews,$42,basketball-shoes,4.1 
Adidas,Adidas Pro Spark 2018 Low ,80,273 reviews,$45,basketball-shoes,4.4 
Adidas,Adidas D.O.N. Issue #1 ,87,"2,457 reviews",$35,basketball-shoes,4.5 
Adidas,Adidas Marquee Boost ,88,"1,936 reviews",$35,basketball-shoes,4.4 
Adidas,Adidas Pro Bounce 2018 Low ,88,"1,865 reviews",$50,basketball-shoes,4.5 
Adidas,Adidas Pro Bounce 2019 Low ,81,"1,117 reviews",$40,basketball-shoes,4.4 
Adidas,Adidas Posterize ,76,42 reviews,$45,basketball-shoes,4.1 
Adidas,Adidas Harden Vol. 2 LS Lace ,85,293 reviews,$140,basketball-shoes,4.6 
Adidas,Adidas Marquee Boost Low ,89,"6,291 reviews",$40,basketball-shoes,4.3 
Adidas,Adidas Adizero Rose 1 Retro ,84,23 reviews,$100,basketball-shoes,4.8 
Adidas,Adidas Pro Adversary  ,79,513 reviews,$65,basketball-shoes,4.3 
Adidas,Adidas Harden Stepback ,85,"15,412 reviews",$70,basketball-shoes,4.4 
Adidas,Adidas Harden Vol. 2 LS Buckle ,77,225 reviews,$50,basketball-shoes,4.1 
Adidas,Adidas Streetfire ,82,652 reviews,$129,basketball-shoes,4.4 
Adidas,Adidas Pro Adversary Low ,81,222 reviews,$58,basketball-shoes,4.4 
Adidas,Adidas Crazyquick 3 ,74,10 reviews,$80,basketball-shoes,4.3 
Adidas,Adidas Crazy Explosive ,90,925 reviews,$180,basketball-shoes,4.4 
Adidas,Adidas D Rose Englewood II ,64,8 reviews,NA,basketball-shoes,3.9 
Adidas,Adidas Crazy Explosive Low ,89,70 reviews,NA,basketball-shoes,4.5 
Adidas,Adidas Pro Bounce Madness 2019 ,87,304 reviews,NA,basketball-shoes,4.6 
Adidas,Adidas T-Mac Millennium ,88,356 reviews,$65,basketball-shoes,4.6 
Adidas,Adidas Crazy Explosive 2017 ,81,966 reviews,$45,basketball-shoes,4.1 
Adidas,Adidas Pro Bounce Madness Low 2019 ,83,167 reviews,$40,basketball-shoes,4.3 
Adidas,Adidas CrazyLight Boost 2016 ,90,244 reviews,$80,basketball-shoes,4.4 
Adidas,Adidas X 18.1 Soft Ground ,76,32 reviews,NA,soccer-cleats,4.5 
Adidas,Adidas X 18.2 Firm Ground ,82,522 reviews,$125,soccer-cleats,4.4 
Adidas,Adidas X 19.2 Firm Ground ,86,852 reviews,$62,soccer-cleats,4.5 
Adidas,Adidas X Tango 18.3 Indoor ,77,250 reviews,$100,soccer-cleats,4.1 
Adidas,Adidas Copa 19+ Firm Ground ,89,107 reviews,$120,soccer-cleats,4.4 
Adidas,Adidas Copa 20.3 Sala Indoor ,80,950 reviews,$45,soccer-cleats,4.2 
Adidas,Adidas Copa 19.3 Indoor Sala ,81,871 reviews,NA,soccer-cleats,4.3 
Adidas,Adidas Nemeziz 19.1 Shoes ,80,22 reviews,$75,soccer-cleats,4.7 
Adidas,Adidas Ace Tango 17.3 Indoor ,79,205 reviews,$50,soccer-cleats,4.2 
Adidas,Adidas Copa 17.1 Firm Ground ,83,201 reviews,$115,soccer-cleats,4.3 
Adidas,Adidas Copa 17.2 Firm Ground ,83,196 reviews,NA,soccer-cleats,4.3 
Adidas,Adidas Predator 19.3 Turf ,80,"2,235 reviews",$55,soccer-cleats,4.3 
Adidas,Adidas Copa Tango 18.4 Indoor ,73,325 reviews,NA,soccer-cleats,3.9 
Adidas,Adidas Predator 19.4 Sala ,77,"1,165 reviews",$55,soccer-cleats,4.1 
Adidas,Adidas Predator 19+ shoes ,82,77 reviews,$254,soccer-cleats,4.3 
Adidas,Adidas Kaiser 5 Cup Soft Ground ,82,475 reviews,NA,soccer-cleats,4.4 
Adidas,Adidas Goletto 6 Firm Ground ,86,"3,294 reviews",$60,soccer-cleats,4.6 
Adidas,Adidas Predator 20.3 Shoes ,79,18 reviews,$35,soccer-cleats,4.7 
Adidas,Adidas Copa Gloro 19.2 Firm Ground ,86,"3,449 reviews",$73,soccer-cleats,4.4 
Adidas,Adidas Nemeziz Tango 17.3 Turf ,81,528 reviews,NA,soccer-cleats,4.3 
Adidas,Adidas Nemeziz 18+ Firm Ground ,80,66 reviews,$250,soccer-cleats,3.9 
Adidas,Adidas Nemeziz Tango 18.3 Turf ,84,354 reviews,NA,soccer-cleats,4.5 
Adidas,Adidas Predator 18+ Firm Ground ,89,284 reviews,$120,soccer-cleats,4.4 
Adidas,Adidas Nemeziz 19.3 Firm Ground ,85,"6,380 reviews",$51,soccer-cleats,4.5 
Adidas,Adidas Nemeziz 18.1 Firm Ground ,87,561 reviews,$129,soccer-cleats,4.4 
Adidas,Adidas Predator 18+ Soft Ground ,80,29 reviews,$160,soccer-cleats,4.7 
Adidas,Adidas Nemeziz 19.2 Firm Ground ,87,"1,139 reviews",$65,soccer-cleats,4.4 
Adidas,Adidas Nemeziz 18.2 Firm Ground ,82,184 reviews,NA,soccer-cleats,4.4 
Adidas,Adidas Predator 19+ Firm Ground ,86,801 reviews,$185,soccer-cleats,4.4 
Adidas,Adidas Nemeziz 18.3 Firm Ground ,86,875 reviews,NA,soccer-cleats,4.6 
Adidas,Adidas Terrex Two BOA ,85,745 reviews,$140,running-shoes,4.3 
Adidas,Adidas Lite Racer BYD 2.0 ,80,"9,768 reviews",$36,running-shoes,4.5 
Adidas,Adidas Questar TND ,79,"2,546 reviews",$50,running-shoes,4.4 
Adidas,Adidas Energy Cloud 2 ,80,"5,963 reviews",NA,running-shoes,4.4 
Adidas,Adidas Energy Falcon ,82,472 reviews,$42,running-shoes,4.5 
Adidas,Adidas Ultraboost S&L ,81,"3,066 reviews",$45,running-shoes,4.5 
Adidas,Adidas Ultraboost 4.0 DNA ,90,"13,914 reviews",$62,running-shoes,4.6 
Adidas,Adidas Terrex Two Parley ,85,820 reviews,$50,running-shoes,4.3 
Adidas,Adidas 4D ,84,155 reviews,$100,running-shoes,4.5 
Adidas,Adidas Terrex Skychaser ,79,151 reviews,NA,running-shoes,4.0 
Adidas,Adidas Pureboost ZG ,83,496 reviews,$60,running-shoes,4.1 
Adidas,Adidas Solar Boost ,90,"11,757 reviews",$70,running-shoes,4.5 
Adidas,Adidas Climacool Boost New ,81,5 reviews,$168,running-shoes,5.0 
Adidas,Adidas Solar Ride ,80,"1,479 reviews",$60,running-shoes,4.4 
Adidas,Adidas Ultraboost ST ,86,"3,747 reviews",$90,running-shoes,4.4 
Adidas,Adidas Solar Drive 19 ,82,"10,272 reviews",$65,running-shoes,4.4 
Adidas,Adidas Terrex Agravic Flow 2 ,85,167 reviews,$60,running-shoes,4.3 
Adidas,Adidas Questar ,83,"12,707 reviews",$39,running-shoes,4.5 
Adidas,Adidas Adistar ,86,351 reviews,$56,running-shoes,4.4 
Adidas,Adidas Terrex Tracerocker GTX ,78,"5,159 reviews",$59,running-shoes,4.4 
Adidas,Adidas SL20.2 ,84,652 reviews,$42,running-shoes,4.2 
Adidas,Adidas SL20 ,89,"3,551 reviews",$40,running-shoes,4.4 
Adidas,Adidas Alphabounce Beyond 2.0 ,87,"1,146 reviews",$50,running-shoes,4.6 
Adidas,Adidas Pulseboost HD ,87,"7,151 reviews",$37,running-shoes,4.5 
Adidas,Adidas Edge Flex ,81,"2,090 reviews",$70,running-shoes,4.5 
Adidas,Adidas SL20.3 ,85,256 reviews,$42,running-shoes,4.4 
Adidas,Adidas Adizero Prime ,80,652 reviews,$44,running-shoes,4.2 
Adidas,Adidas Terrex Swift R GTX ,84,"2,129 reviews",$113,running-shoes,4.3 
Adidas,Adidas Terrex Soulstride ,84,730 reviews,$41,running-shoes,4.5 
Adidas,Adidas Terrex Two ,78,"1,271 reviews",$50,running-shoes,4.3 
Adidas,Adidas Busenitz Lab test ,91,"6,044 reviews",$55,sneakers,4.5 
Adidas,Adidas Day Jogger ,73,31 reviews,$45,sneakers,4.0 
Adidas,Adidas X9000L2 ,87,"1,428 reviews",$34,sneakers,4.4 
Adidas,Adidas Campus ADV ,90,522 reviews,$48,sneakers,4.5 
Adidas,Adidas Superstar 80s ,89,"5,086 reviews",$104,sneakers,4.4 
Adidas,Adidas Forum 84 Low ADV ,86,36 reviews,$100,sneakers,4.8 
Adidas,Adidas Retropy P9 ,90,6 reviews,$128,sneakers,5.0 
Adidas,Adidas NMD_V3 New ,82,160 reviews,$84,sneakers,4.1 
Adidas,Adidas SL 72 ,92,"3,755 reviews",$60,sneakers,4.6 
Adidas,Adidas SL 80 ,86,156 reviews,NA,sneakers,4.3 
Adidas,Adidas SL 76 ,83,5 reviews,NA,sneakers,4.6 
Adidas,Adidas LXCON ,86,241 reviews,$35,sneakers,4.3 
Adidas,Adidas LXCON 94 ,83,826 reviews,$79,sneakers,4.2 
Adidas,Adidas Lite Racer CLN ,91,"24,937 reviews",$47,sneakers,4.5 
Adidas,Adidas Tubular Invader 2.0 ,86,97 reviews,NA,sneakers,4.3 
Adidas,Adidas Tubular Runner ,81,"1,215 reviews",$49,sneakers,4.1 
Adidas,Adidas Cloudfoam Advantage ,90,"39,500 reviews",$62,sneakers,4.5 
Adidas,Adidas Superstar Metal Toe ,90,793 reviews,NA,sneakers,4.5 
Adidas,Adidas ZX 500 ,95,"2,684 reviews",$125,sneakers,4.8 
Adidas,Adidas POD-S3.1 ,90,"7,633 reviews",$40,sneakers,4.5 
Adidas,Adidas Stan Smith Vulc ,92,"2,802 reviews",$65,sneakers,4.6 
Adidas,Adidas Arkyn Primeknit ,92,"1,015 reviews",NA,sneakers,4.6 
Adidas,Adidas Superstar 80s Metal Toe ,90,311 reviews,NA,sneakers,4.5 
Adidas,Adidas x Raf Simons Stan Smith ,85,31 reviews,$175,sneakers,4.7 
Adidas,Adidas ZX 700 HD ,87,"3,931 reviews",$54,sneakers,4.3 
Adidas,Adidas Samba ,91,"67,465 reviews",$54,sneakers,4.5 
Adidas,Adidas Swift Run ,91,"71,687 reviews",$45,sneakers,4.5 
Adidas,Adidas Superstar ADV ,94,"10,618 reviews",$90,sneakers,4.7 
Adidas,Adidas Superstan ,71,26 reviews,$55,sneakers,3.9 
Adidas,Adidas Yung-1 ,92,"2,964 reviews",$49,sneakers,4.6 
Adidas,Adidas Crazylight Boost 2018 ,80,187 reviews,$35,basketball-shoes,4.0 
Adidas,Adidas CrazyLight Boost 2.5 Low ,79,207 reviews,$300,basketball-shoes,4.2 
Adidas,Adidas Explosive Bounce 2018 ,88,353 reviews,$65,basketball-shoes,4.5 
Adidas,Adidas Harden Vol. 1 Primeknit ,85,596 reviews,$400,basketball-shoes,4.4 
Adidas,Adidas Crazy Explosive Primeknit ,94,102 reviews,NA,basketball-shoes,4.7 
Adidas,Adidas Crazy Explosive 2017 Primeknit ,90,418 reviews,NA,basketball-shoes,4.4 
Adidas,Adidas Crazy Explosive 2017 Primeknit Low ,86,"1,198 reviews",NA,basketball-shoes,4.5 
Adidas,Adidas CrazyLight Boost 2016 Primeknit ,85,18 reviews,NA,basketball-shoes,4.8 
Adidas,Adidas Predator Tango 18.4 Turf ,73,207 reviews,NA,soccer-cleats,3.9 
Adidas,Adidas Predator Tango 18.3 Turf ,82,"1,052 reviews",$40,soccer-cleats,4.3 
Adidas,Adidas Predator Tango 18+ Turf ,84,319 reviews,NA,soccer-cleats,4.5 
Adidas,Adidas Nemeziz 18.1 Soft Ground ,73,10 reviews,NA,soccer-cleats,4.3 
Adidas,Adidas Nemeziz Tango 17.4 Indoor ,78,60 reviews,$80,soccer-cleats,3.9 
Adidas,Adidas Nemeziz 17.1 Soft Ground ,74,89 reviews,$100,soccer-cleats,3.9 
Adidas,Adidas Predator 18.3 Firm Ground ,84,"3,500 reviews",$47,soccer-cleats,4.3 
Adidas,Adidas Predator Mutator 20+ Turf ,66,9 reviews,NA,soccer-cleats,3.9 
Adidas,Adidas Predator 18.2 Firm Ground ,85,650 reviews,$55,soccer-cleats,4.3 
Adidas,Adidas Predator 19.3 Firm Ground ,83,"7,814 reviews",$55,soccer-cleats,4.4 
Adidas,Adidas Predator 19.2 Firm Ground ,86,964 reviews,$76,soccer-cleats,4.6 
Adidas,Adidas Predator 18.1 Firm Ground ,87,726 reviews,$75,soccer-cleats,4.4 
Adidas,Adidas Predator 19.1 Trainers ,85,213 reviews,NA,soccer-cleats,4.5 
Adidas,Adidas Predator Tango 18+ Indoor ,82,134 reviews,NA,soccer-cleats,4.4 
Adidas,Adidas Predator Tango 19.3 Indoor ,81,846 reviews,NA,soccer-cleats,4.3 
Adidas,Adidas Predator Tango 18.4 Indoor ,76,342 reviews,$70,soccer-cleats,4.1 
Adidas,Adidas Predator 18.1 Soft Ground ,87,109 reviews,NA,soccer-cleats,4.7 
Adidas,Adidas Predator 19.1 Firm Ground ,82,393 reviews,NA,soccer-cleats,4.4 
Adidas,Adidas X 17+ Purespeed Firm Ground ,90,167 reviews,NA,soccer-cleats,4.5 
Adidas,Adidas Nemeziz Messi 18.1 Firm Ground ,89,113 reviews,$100,soccer-cleats,4.7 
Adidas,Adidas Nemeziz Messi Tango 18.3 Indoor ,77,75 reviews,NA,soccer-cleats,4.1 
Adidas,Adidas Nemeziz Tango 17.1 Trainers ,78,222 reviews,NA,soccer-cleats,4.1 
Adidas,Adidas Nemeziz Messi 17.1 Firm Ground ,83,109 reviews,NA,soccer-cleats,4.2 
Adidas,Adidas Nemeziz Tango 18.1 Trainers ,86,171 reviews,$85,soccer-cleats,4.6 
Adidas,Adidas Nemeziz Messi 17.2 Firm Ground ,79,77 reviews,NA,soccer-cleats,4.2 
Adidas,Adidas Predator Tango 18+ Trainers ,89,167 reviews,$100,soccer-cleats,4.6 
Adidas,Adidas Predator Tango 18.1 Trainers ,83,361 reviews,$40,soccer-cleats,4.4 
Adidas,Adidas Predator Tango 18.3 Trainers ,78,201 reviews,NA,soccer-cleats,4.2 
Adidas,Adidas Predator Mutator 20+ firm ground ,80,46 reviews,$234,soccer-cleats,4.3 
Adidas,Adidas Ace 17+ Purecontrol Firm Ground ,85,106 reviews,$450,soccer-cleats,4.2 
Adidas,Adidas Solar Boost 19 ,90,"10,108 reviews",$70,running-shoes,4.5 
Adidas,Adidas Adizero Sub 2 ,90,"6,955 reviews",$70,running-shoes,4.5 
Adidas,Adidas Aerobounce PR ,83,"1,432 reviews",$55,running-shoes,4.4 
Adidas,Adidas Alphabounce CK ,83,511 reviews,NA,running-shoes,4.6 
Adidas,Adidas Supernova Glide Boost 8 ,87,"1,505 reviews",NA,running-shoes,4.4 
Adidas,Adidas Solar Blaze ,78,"1,377 reviews",$50,running-shoes,4.3 
Adidas,Adidas Solar Drive ST ,82,679 reviews,$50,running-shoes,4.3 
Adidas,Adidas Terrex Skychaser GTX ,87,400 reviews,NA,running-shoes,4.6 
Adidas,Adidas Pureboost ,88,"3,238 reviews",$79,running-shoes,4.4 
Adidas,Adidas Fluidstreet ,82,"3,925 reviews",$43,running-shoes,4.5 
Adidas,Adidas Ultraboost Uncaged ,89,"3,400 reviews",$80,running-shoes,4.6 
Adidas,Adidas Alphaboost ,87,"2,812 reviews",$50,running-shoes,4.6 
Adidas,Adidas Ultraboost ST Parley ,88,"1,246 reviews",NA,running-shoes,4.5 
Adidas,Adidas Pureboost RBL ,87,595 reviews,$60,running-shoes,4.5 
Adidas,Adidas Alphabounce Beyond ,89,"8,869 reviews",$109,running-shoes,4.5 
Adidas,Adidas Supernova 2 ,88,501 reviews,$46,running-shoes,4.5 
Adidas,Adidas Terrex Speed GTX ,77,185 reviews,NA,running-shoes,4.5 
Adidas,Adidas 4DFWD 2 New ,86,51 reviews,$160,running-shoes,4.8 
Adidas,Adidas Alphatorsion ,83,"2,808 reviews",$36,running-shoes,4.2 
Adidas,Adidas Supernova+ Lab test ,84,"1,000 reviews",$49,running-shoes,4.4 
Adidas,Adidas Alphabounce EM ,84,"4,365 reviews",$110,running-shoes,4.5 
Adidas,Adidas Alphabounce+ ,82,"12,055 reviews",$50,running-shoes,4.6 
Adidas,Adidas Climacool Ventania ,80,150 reviews,$40,running-shoes,4.4 
Adidas,Adidas Duramo 10 Lab test ,87,"7,156 reviews",$43,running-shoes,4.5 
Adidas,Adidas Senseboost Go ,86,"6,237 reviews",$36,running-shoes,4.4 
Adidas,Adidas Cosmic 2.0 SL ,83,"5,882 reviews",$60,running-shoes,4.5 
Adidas,Adidas Pulseboost HD LTD ,81,194 reviews,$55,running-shoes,4.5 
Adidas,Adidas Madoru 2.0 ,79,150 reviews,$39,running-shoes,4.3 
Adidas,Adidas Pulseboost HD Winter ,82,"1,272 reviews",$50,running-shoes,4.4 
Adidas,Adidas Rockadia Trail ,87,"12,621 reviews",$100,running-shoes,4.5 
Adidas,Adidas Falcon ,90,"89,408 reviews",$30,sneakers,4.5 
Adidas,Adidas Blackburn Ewood ,90,5 reviews,NA,sneakers,5.0 
Adidas,Adidas Superstar 2 ,93,"18,656 reviews",$70,sneakers,4.7 
Adidas,Adidas Samba OG ,93,"25,392 reviews",$100,sneakers,4.7 
Adidas,Adidas Deerupt Runner Parley ,93,"1,604 reviews",NA,sneakers,4.6 
Adidas,Adidas Superstar Adicolor ,88,231 reviews,NA,sneakers,4.4 
Adidas,Adidas Stan Smith Adicolor ,93,"5,958 reviews",$250,sneakers,4.6 
Adidas,Adidas Y-3 Raito Racer ,83,11 reviews,NA,sneakers,4.6 
Adidas,Adidas Superstar OG ,93,"11,543 reviews",$80,sneakers,4.6 
Adidas,Adidas Superstar MG ,86,9 reviews,$85,sneakers,4.8 
Adidas,Adidas Spezial ,94,"7,671 reviews",$55,sneakers,4.7 
Adidas,Adidas FYW S-97 ,81,281 reviews,$40,sneakers,4.1 
Adidas,Adidas ZX 2K Boost 2.0 New ,93,"5,271 reviews",$101,sneakers,4.7 
Adidas,Adidas Hoops 2.0 Mid ,91,"47,727 reviews",$50,sneakers,4.6 
Adidas,Adidas NMD S1 New ,90,9 reviews,$211,sneakers,5.0 
Adidas,Adidas Superstar 80s DLX ,93,118 reviews,NA,sneakers,4.6 
Adidas,Adidas Rivalry TR ,86,26 reviews,NA,sneakers,4.8 
Adidas,Adidas U_Path Run ,92,"69,368 reviews",$45,sneakers,4.6 
Adidas,Adidas ZX Torsion ,90,538 reviews,$45,sneakers,4.5 
Adidas,Adidas Gazelle OG ,95,"14,311 reviews",$75,sneakers,4.7 
Adidas,Adidas Superstar Suede ,92,"4,810 reviews",$113,sneakers,4.6 
Adidas,Adidas Superstar 80s Recon ,86,190 reviews,$40,sneakers,4.3 
Adidas,Adidas ZX 10000 ,94,185 reviews,$70,sneakers,4.7 
Adidas,Adidas Ozelia ,94,"9,295 reviews",$41,sneakers,4.7 
Adidas,Adidas Superstar Slip-On ,89,"2,659 reviews",NA,sneakers,4.5 
Adidas,Adidas Lite Racer Adapt 3.0 ,91,"65,130 reviews",$35,sneakers,4.5 
Adidas,Adidas Ultraboost Web DNA ,94,530 reviews,$92,sneakers,4.7 
Adidas,Adidas Top Ten Hi ,94,"6,925 reviews",$40,sneakers,4.7 
Adidas,Adidas Court 80s ,89,"1,173 reviews",$79,sneakers,4.5 
Adidas,Adidas FYW 98 ,75,23 reviews,$70,sneakers,4.2 
Adidas,Adidas Predator 19.3 Laceless Firm Ground ,86,334 reviews,NA,soccer-cleats,4.6 
Adidas,Adidas Predator 18.4 Flexible Grounds ,81,749 reviews,NA,soccer-cleats,4.3 
Adidas,Adidas Predator 19.3 Artificial Grass ,81,420 reviews,NA,soccer-cleats,4.3 
Adidas,Adidas Tracerocker ,78,454 reviews,NA,running-shoes,4.1 
Adidas,Adidas Run Lux Clima ,81,"1,380 reviews",NA,running-shoes,4.5 
Adidas,Adidas Asweego ,80,"3,062 reviews",$70,running-shoes,4.4 
Adidas,Adidas Vengeful ,76,354 reviews,NA,running-shoes,4.2 
Adidas,Adidas 90s Valasion ,74,"2,326 reviews",$45,running-shoes,4.1 
Adidas,Adidas Runfalcon 2.0 TR ,90,"13,866 reviews",$44,running-shoes,4.5 
Adidas,Adidas AlphaEdge 4D ,87,337 reviews,$180,running-shoes,4.4 
Adidas,Adidas Runfalcon 2.0 ,83,"93,165 reviews",$40,running-shoes,4.6 
Adidas,Adidas Supernova ST ,83,"1,814 reviews",$65,running-shoes,4.3 
Adidas,Adidas Supernova ,89,"18,914 reviews",$39,running-shoes,4.5 
Adidas,Adidas Ventice ,78,258 reviews,$35,running-shoes,4.4 
Adidas,Adidas Asweerun ,78,"5,605 reviews",$70,running-shoes,4.3 
Adidas,Adidas Speedmotion ,74,44 reviews,$60,running-shoes,4.6 
Adidas,Adidas Alphaboost Parley ,83,"1,284 reviews",NA,running-shoes,4.6 
Adidas,Adidas EQ21 Run Cold.RDY ,77,"1,074 reviews",$52,running-shoes,4.3 
Adidas,Adidas Fluidflow ,79,"15,849 reviews",$35,running-shoes,4.4 
Adidas,Adidas Fluidflow 2.0 ,81,"6,854 reviews",$43,running-shoes,4.5 
Adidas,Adidas EQ21 ,87,"8,449 reviews",$38,running-shoes,4.5 
Adidas,Adidas Purebounce+ ,75,"5,677 reviews",$58,running-shoes,4.2 
Adidas,Adidas Purebounce+ Street ,77,"1,720 reviews",$53,running-shoes,4.3 
Adidas,Adidas Runfalcon Lab test ,80,"103,016 reviews",$60,running-shoes,4.4 
Adidas,Adidas Sensebounce+ ,81,"7,843 reviews",$45,running-shoes,4.5 
Adidas,Adidas Sensebounce+ Street ,79,"1,464 reviews",$67,running-shoes,4.4 
Adidas,Adidas Edge XT ,79,"1,243 reviews",$45,running-shoes,4.4 
Adidas,Adidas 4D Run 1.0 ,87,336 reviews,$90,running-shoes,4.3 
Adidas,Adidas ZX 4000 4D ,81,74 reviews,$90,running-shoes,4.5 
Adidas,Adidas Nova Run ,78,"1,361 reviews",$40,running-shoes,4.3 
Adidas,Adidas Solar Drive ,83,"2,076 reviews",$30,running-shoes,4.3 
Adidas,Adidas Terrex Speed ,79,815 reviews,$84,running-shoes,4.2 
Adidas,Adidas Edge Gameday ,82,"4,379 reviews",$70,running-shoes,4.6 
Adidas,Adidas EQT Support 93/17 ,88,"4,825 reviews",$85,sneakers,4.4 
Adidas,Adidas Forum 84 High ,96,201 reviews,$75,sneakers,4.8 
Adidas,Adidas ZX Flux ,92,"59,157 reviews",$25,sneakers,4.6 
Adidas,Adidas Superstar Laceless ,84,114 reviews,$45,sneakers,4.2 
Adidas,Adidas Forum Mid ,94,"8,070 reviews",$25,sneakers,4.7 
Adidas,Adidas Forum Low ,95,"9,912 reviews",$56,sneakers,4.8 
Adidas,Adidas Climacool 1 ,88,"2,740 reviews",$34,sneakers,4.4 
Adidas,Adidas I-5923 ,87,"18,586 reviews",$40,sneakers,4.4 
Adidas,Adidas Busenitz Vintage ,94,55 reviews,$64,sneakers,4.7 
Adidas,Adidas Kaptir ,92,"32,667 reviews",$40,sneakers,4.6 
Adidas,Adidas Swift Run RF ,86,"5,139 reviews",$45,sneakers,4.3 
Adidas,Adidas Busenitz Vulc ADV ,91,491 reviews,NA,sneakers,4.6 
Adidas,Adidas ZX Flux Primeknit ,87,511 reviews,$70,sneakers,4.3 
Adidas,Adidas Matchbreak Super ,92,"1,447 reviews",$45,sneakers,4.6 
Adidas,Adidas Aloha Super ,87,7 reviews,NA,sneakers,4.9 
Adidas,Adidas X9000L3 ,88,"2,530 reviews",$35,sneakers,4.4 
Adidas,Adidas Advantage ,91,"78,179 reviews",$23,sneakers,4.5 
Adidas,Adidas Yeezy 500 ,84,161 reviews,$260,sneakers,4.2 
Adidas,Adidas Retropy F2 ,93,"1,888 reviews",$45,sneakers,4.7 
Adidas,Adidas Samba Vegan ,93,"1,567 reviews",$100,sneakers,4.7 
Adidas,Adidas Pharrell Williams Hu Holi NMD MC ,76,27 reviews,$475,sneakers,4.2 
Adidas,Adidas Tubular Doom Sock Primeknit ,88,990 reviews,$85,sneakers,4.4 
Adidas,Adidas Rod Laver Super ,92,158 reviews,NA,sneakers,4.6 
Adidas,Adidas VL Court 2.0 ,92,"82,248 reviews",$42,sneakers,4.6 
Adidas,Adidas Stan Smith Primeknit ,80,645 reviews,$56,sneakers,4.0 
Adidas,Adidas I-5923 Pride ,88,880 reviews,NA,sneakers,4.4 
Adidas,Adidas Iniki Runner ,88,"6,967 reviews",$105,sneakers,4.4 
Adidas,Adidas Gazelle Stitch and Turn ,86,409 reviews,$80,sneakers,4.3 
Adidas,Adidas Pharrell Williams Human Race NMD TR ,95,313 reviews,$225,sneakers,4.7 
Adidas,Adidas Superstar Foundation ,92,"158,930 reviews",$68,sneakers,4.6 
Adidas,Adidas Kanadia Trail ,81,"3,943 reviews",$100,running-shoes,4.2 
Adidas,Adidas Questar Trail ,80,"1,215 reviews",$80,running-shoes,4.5 
Adidas,Adidas Pureboost DPR ,88,"5,257 reviews",$60,running-shoes,4.5 
Adidas,Adidas Response Trail ,86,"4,823 reviews",$70,running-shoes,4.3 
Adidas,Adidas Pureboost LTD ,82,"1,236 reviews",$81,running-shoes,4.5 
Adidas,Adidas Pureboost Go LTD ,87,583 reviews,$50,running-shoes,4.4 
Adidas,Adidas Pureboost DPR LTD ,83,201 reviews,$87,running-shoes,4.3 
Adidas,Adidas Supernova Trail ,84,847 reviews,$49,running-shoes,4.4 
Adidas,Adidas Ultraboost Mid ,89,662 reviews,$65,running-shoes,4.6 
Adidas,Adidas Pureboost Clima ,88,278 reviews,$70,running-shoes,4.6 
Adidas,Adidas Ultraboost City ,73,34 reviews,$140,running-shoes,4.5 
Adidas,Adidas Futurecraft 4D ,78,255 reviews,$145,running-shoes,4.3 
Adidas,Adidas Ultraboost Clima ,90,"2,448 reviews",$100,running-shoes,4.5 
Adidas,Adidas Alphabounce RC 2.0 ,81,"5,422 reviews",$45,running-shoes,4.5 
Adidas,Adidas Ultraboost Parley ,88,"2,098 reviews",$60,running-shoes,4.5 
Adidas,Adidas Pureboost All Terrain ,85,350 reviews,$80,running-shoes,4.4 
Adidas,Adidas Ultraboost All Terrain ,88,"1,305 reviews",$82,running-shoes,4.5 
Adidas,Adidas Ultraboost Leather ,83,8 reviews,$200,running-shoes,4.6 
Adidas,Adidas Ultraboost Laceless ,85,"1,278 reviews",$138,running-shoes,4.5 
Adidas,Adidas Ultraboost Uncaged Parley ,91,592 reviews,$259,running-shoes,4.8 
Adidas,Adidas Ultraboost Multicolor ,88,696 reviews,$150,running-shoes,4.5 
Adidas,Adidas Strutter ,86,"45,684 reviews",$55,sneakers,4.3 
Adidas,Adidas Puremotion Adapt ,90,"49,130 reviews",NA,sneakers,4.5 
Adidas,Adidas ZX 22 Boost ,93,616 reviews,$45,sneakers,4.6 
Adidas,Adidas Campus ,92,"23,846 reviews",$118,sneakers,4.6 
Adidas,Adidas Lite Racer Reborn ,89,"32,713 reviews",$71,sneakers,4.4 
Adidas,Adidas X_PLR S ,93,"1,346 reviews",$41,sneakers,4.7 
Adidas,Adidas adiFOM Q New ,90,5 reviews,$120,sneakers,5.0 
Adidas,Adidas ZX 700 ,90,"5,382 reviews",$80,sneakers,4.5 
Adidas,Adidas Micropacer ,81,24 reviews,$57,sneakers,4.5 
Adidas,Adidas Grand Court ,93,"599,041 reviews",$28,sneakers,4.6 
Adidas,Adidas Continental 80 Pride ,89,612 reviews,NA,sneakers,4.5 
Adidas,Adidas USA 84 ,92,"4,918 reviews",$85,sneakers,4.6 
Adidas,Adidas Liberty Cup ,88,240 reviews,$60,sneakers,4.4 
Adidas,Adidas Forum Low South Park New ,98,63 reviews,NA,sneakers,4.9 
Adidas,Adidas Yeezy Foam Runner ,66,41 reviews,$255,sneakers,3.7 
Adidas,Adidas Busenitz Vulc 2 New ,92,"4,441 reviews",$40,sneakers,4.6 
Adidas,Adidas Superstar White Mountaineering ,93,82 reviews,$120,sneakers,4.7 
Adidas,Adidas Hamburg ,93,"34,306 reviews",$125,sneakers,4.7 
Adidas,Adidas Samoa ,92,"17,235 reviews",$55,sneakers,4.6 
Adidas,Adidas Continental 80 Stripes ,91,"4,723 reviews",$69,sneakers,4.6 
Adidas,Adidas Stadt ,87,30 reviews,$80,sneakers,4.8 
Adidas,Adidas 350 ,90,921 reviews,NA,sneakers,4.5 
Adidas,Adidas Superstar 80s Clean ,93,956 reviews,NA,sneakers,4.7 
Adidas,Adidas Sabalo ,90,794 reviews,$23,sneakers,4.5 
Adidas,Adidas Superstar Run-DMC ,83,5 reviews,$272,sneakers,4.6 
Adidas,Adidas EQT Bask ADV ,88,552 reviews,$96,sneakers,4.4 
Adidas,Adidas EQT Support ADV ,86,"9,985 reviews",$40,sneakers,4.3 
Adidas,Adidas Matchcourt High RX ,88,194 reviews,$50,sneakers,4.4 
Adidas,Adidas Superstar ,93,"516,654 reviews",$27,sneakers,4.6 
Adidas,Adidas Yeezy Boost 700 MNVN ,67,16 reviews,$210,sneakers,3.7 
Adidas,Adidas Pro Model ,93,"38,311 reviews",$40,sneakers,4.7 
Adidas,Adidas Stan Smith Lab test ,93,"419,174 reviews",$20,sneakers,4.7 
Adidas,Adidas Deerupt Runner ,90,"13,082 reviews",$60,sneakers,4.5 
Adidas,Adidas Gazelle Indoor ,90,224 reviews,$90,sneakers,4.5 
Adidas,Adidas Ozrah ,91,176 reviews,$84,sneakers,4.5 
Adidas,Adidas Gazelle ,94,"612,067 reviews",$45,sneakers,4.7 
Adidas,Adidas Sobakov ,88,"1,777 reviews",$50,sneakers,4.4 
Adidas,Adidas BW Army ,93,144 reviews,NA,sneakers,4.7 
Adidas,Adidas Japan ,82,40 reviews,$80,sneakers,4.5 
Adidas,Adidas Jeans ,93,"9,720 reviews",NA,sneakers,4.7 
Adidas,Adidas Top Ten RB New ,95,"1,051 reviews",$40,sneakers,4.7 
Adidas,Adidas LA Trainer 3 New ,93,72 reviews,$40,sneakers,4.6 
Adidas,Adidas Los Angeles ,88,"2,247 reviews",$75,sneakers,4.4 
Adidas,Adidas Rivalry Low ,89,"10,710 reviews",$41,sneakers,4.5 
Adidas,Adidas ZX 8000 LEGO ,83,5 reviews,$83,sneakers,4.6 
Adidas,Adidas Crazychaos ,90,"7,694 reviews",$65,sneakers,4.5 
Adidas,Adidas Stan Smith H New ,90,5 reviews,$117,sneakers,5.0 
Adidas,Adidas Delpala ,88,"1,937 reviews",$27,sneakers,4.4 
Adidas,Adidas Court Adapt ,87,"5,178 reviews",$68,sneakers,4.4 
Adidas,Adidas Samoa Vintage ,93,506 reviews,NA,sneakers,4.7 
Adidas,Adidas Kamanda ,84,116 reviews,$70,sneakers,4.2 
Adidas,Adidas Country OG ,81,199 reviews,NA,sneakers,4.0 
Adidas,Adidas Forum Exhibit Low ,94,601 reviews,$95,sneakers,4.7 
Adidas,Adidas Grand Court SE ,93,"73,015 reviews",$37,sneakers,4.6 
Adidas,Adidas Rod Laver Vintage ,91,183 reviews,$75,sneakers,4.5 
Adidas,Adidas Supercourt RX ,83,98 reviews,$60,sneakers,4.2 
Adidas,Adidas Tubular Shadow ,85,"11,074 reviews",$25,sneakers,4.3 
Adidas,Adidas Continental Vulc ,91,"3,957 reviews",$31,sneakers,4.5 
Adidas,Adidas Forest Hills ,89,"1,066 reviews",NA,sneakers,4.4 
Adidas,Adidas Response Super ,88,"10,145 reviews",$48,sneakers,4.4 
Adidas,Adidas White Mountaineering Campus 80s ,88,57 reviews,NA,sneakers,4.4 
Adidas,Adidas Superstar Mule ,76,158 reviews,$85,sneakers,3.8 
Adidas,Adidas Matchcourt RX ,89,768 reviews,$70,sneakers,4.5 
Adidas,Adidas Stan Smith Vegan New ,94,"17,101 reviews",$50,sneakers,4.7 
Adidas,Adidas Cloudfoam Race ,86,"2,060 reviews",NA,sneakers,4.3 
Adidas,Adidas Court Rallye Slip New ,84,363 reviews,$42,sneakers,4.2 
Adidas,Adidas Frozetic ,93,"1,112 reviews",$51,sneakers,4.6 
Adidas,Adidas Lowertree ,63,47 reviews,NA,sneakers,3.5 
Adidas,Adidas Stan Smith Parley New ,95,"18,421 reviews",$72,sneakers,4.7 
Adidas,Adidas x Prada Superstar ,83,5 reviews,$500,sneakers,4.6 
Adidas,Adidas Pharrell Williams Stan Smith ,84,62 reviews,$55,sneakers,4.2 
Adidas,Adidas Pharrell Williams Campus ,75,62 reviews,$80,sneakers,3.8 
Adidas,Adidas Stan Smith Primeblue New ,90,5 reviews,$35,sneakers,5.0 
Adidas,Adidas ZX 5K Boost New ,95,321 reviews,$186,sneakers,4.8 
Adidas,Adidas Haiwee ,90,"3,243 reviews",$35,sneakers,4.5 
Adidas,Adidas Trimm Star ,83,7 reviews,NA,sneakers,4.6 
Adidas,Adidas Streetball ,87,548 reviews,$60,sneakers,4.3 
Adidas,Adidas Entrap Mid ,91,"5,583 reviews",$70,sneakers,4.5 
Adidas,Adidas Archivo ,87,"2,111 reviews",$65,sneakers,4.3 
Adidas,Adidas Ultraboost Undftd ,92,"1,169 reviews",$160,sneakers,4.6 
Adidas,Adidas Nite Jogger ,90,"27,754 reviews",$36,sneakers,4.5 
Adidas,Adidas Rom ,85,114 reviews,NA,sneakers,4.2 
Adidas,Adidas LA Trainer OG ,90,"2,605 reviews",NA,sneakers,4.5 
Adidas,Adidas Basket Profi ,94,"2,387 reviews",$45,sneakers,4.7 
Adidas,Adidas Forest Grove ,87,"8,530 reviews",$65,sneakers,4.3 
Adidas,Adidas Run 90s ,86,"3,391 reviews",$50,sneakers,4.3 
Adidas,Adidas Geodiver Primeblue ,93,"2,021 reviews",$30,sneakers,4.6 
Adidas,Adidas Cloudfoam Ultimate ,91,"11,606 reviews",$58,sneakers,4.6 
Adidas,Adidas Haven ,85,"1,496 reviews",$101,sneakers,4.2 
Adidas,Adidas Superstar 82 ,83,31 reviews,$72,sneakers,4.6 
Adidas,Adidas Swift Run 22 ,88,"3,880 reviews",$36,sneakers,4.4 
Adidas,Adidas N-5923 ,90,"15,908 reviews",$55,sneakers,4.5 
Adidas,Adidas Yeezy Desert Boot Rock ,86,8 reviews,$323,sneakers,4.8 
Adidas,Adidas Supercourt ,91,"6,851 reviews",$35,sneakers,4.6 
Adidas,Adidas Baara Boots ,80,39 reviews,$100,sneakers,4.4 
Adidas,Adidas LA Trainer ,91,328 reviews,$50,sneakers,4.5 
Adidas,Adidas Superstar Parley New ,87,17 reviews,$120,sneakers,4.9 
Adidas,Adidas Forum Tech Boost ,90,5 reviews,NA,sneakers,5.0 
Adidas,Adidas Prophere ,89,"6,820 reviews",$68,sneakers,4.5 
Adidas,Adidas Pharrell Williams SC Premiere ,85,7 reviews,$90,sneakers,4.7 
Adidas,Adidas SC Premiere ,88,453 reviews,$60,sneakers,4.4 
Adidas,Adidas Pharrell Williams Continental 80 ,85,10 reviews,$110,sneakers,4.7 
Adidas,Adidas X_PLR ,91,"64,939 reviews",$42,sneakers,4.6 
Adidas,Adidas Court Tourino New ,93,401 reviews,$80,sneakers,4.7 
Adidas,Adidas Yeezy 450 ,74,6 reviews,$240,sneakers,4.1 
Adidas,Adidas Multix ,89,"7,008 reviews",$26,sneakers,4.5 
Adidas,Adidas Superstar Vegan ,95,"32,678 reviews",$100,sneakers,4.7 
Adidas,Adidas Continental 80 ,90,"90,214 reviews",$20,sneakers,4.5 
Adidas,Adidas Pharrell Williams Tennis Hu V2 ,68,19 reviews,$105,sneakers,3.8 
Adidas,Adidas Ninja Nite Jogger ,85,316 reviews,$66,sneakers,4.3 
Adidas,Adidas X9000L4 ,90,"12,615 reviews",$38,sneakers,4.5 
Adidas,Adidas Pharrell Williams Tennis Hu ,91,"8,149 reviews",$125,sneakers,4.6 
Adidas,Adidas Wales Bonner ,90,5 reviews,$190,sneakers,5.0 
Adidas,Adidas Adimatic New ,81,16 reviews,$88,sneakers,4.5 
Adidas,Adidas Grand Court Alpha ,91,893 reviews,$41,sneakers,4.6 
Adidas,Adidas Flashback ,87,696 reviews,NA,sneakers,4.4 
Adidas,Adidas Nebzed Super Boost New ,84,53 reviews,$70,sneakers,4.2 
Adidas,Adidas Postmove ,92,791 reviews,$70,sneakers,4.6 
Adidas,Adidas Court Vantage ,89,"7,400 reviews",NA,sneakers,4.5 
Adidas,Adidas Courtpoint Base ,80,460 reviews,NA,sneakers,4.0 
Adidas,Adidas Breaknet ,85,"3,395 reviews",$60,sneakers,4.3 
Adidas,Adidas Orketro New ,74,8 reviews,$160,sneakers,4.1 
Adidas,Adidas Oznova New ,88,102 reviews,$67,sneakers,4.4 
Adidas,Adidas Daily 2.0 ,93,"58,232 reviews",NA,sneakers,4.6 
Adidas,Adidas Superturf Adventure Sean Wotherspoon New ,90,6 reviews,$106,sneakers,5.0 
Adidas,Adidas 3MC ,89,"28,012 reviews",$28,sneakers,4.5 
Adidas,Adidas Kiel ,85,365 reviews,NA,sneakers,4.2 
Adidas,Adidas Koln ,75,19 reviews,$110,sneakers,4.2 
Adidas,Adidas ZX 750 HD ,93,187 reviews,$50,sneakers,4.6 
Adidas,Adidas ZX 500 RM ,91,369 reviews,$60,sneakers,4.6 
Adidas,Adidas VS Pace ,90,"171,704 reviews",$44,sneakers,4.5 
Adidas,Adidas ZX 8000 ,93,614 reviews,$40,sneakers,4.6 
Adidas,Adidas ZX 5000 ,86,8 reviews,$95,sneakers,4.8 
Adidas,Adidas Daily ,93,"2,824 reviews",NA,sneakers,4.6 
Adidas,Adidas VS Set Low ,88,"1,953 reviews",NA,sneakers,4.4 
Adidas,Adidas 3MC Vulc ,89,"19,453 reviews",$30,sneakers,4.5 
Adidas,Adidas City Cup ,89,502 reviews,$27,sneakers,4.4 
Adidas,Adidas New York ,85,143 reviews,$104,sneakers,4.3 
Adidas,Adidas Type O-2 ,85,10 reviews,NA,sneakers,4.7 
Adidas,Adidas Nizza Hi ,92,538 reviews,$60,sneakers,4.6 
Adidas,Adidas Samba RM ,91,157 reviews,NA,sneakers,4.5 
Adidas,Adidas Nizza RF ,87,"1,355 reviews",$43,sneakers,4.4 
Adidas,Adidas VRX Cup Low ,90,105 reviews,$106,sneakers,4.5 
Adidas,Adidas ZX Flux ADV X ,89,253 reviews,$92,sneakers,4.4 
Adidas,Adidas ZX 452 SPZL ,87,24 reviews,NA,sneakers,4.8 
Adidas,Adidas Daily 3.0 ,93,"69,061 reviews",$39,sneakers,4.6 
Adidas,Adidas Samba OG FT ,92,108 reviews,NA,sneakers,4.6 
Adidas,Adidas Rod Laver ,87,"1,490 reviews",$47,sneakers,4.3 
Adidas,Adidas Nebzed ,89,"5,716 reviews",$45,sneakers,4.5 
Adidas,Adidas Berlin ,83,10 reviews,NA,sneakers,4.6 
Adidas,Adidas Nizza Hi RF ,91,"1,505 reviews",$28,sneakers,4.5 
Adidas,Adidas Nizza Low ,93,"20,522 reviews",$24,sneakers,4.6 
Adidas,Adidas Seeley ,92,"95,371 reviews",$34,sneakers,4.6 
Adidas,Adidas Samba ADV ,89,437 reviews,$47,sneakers,4.4 
Adidas,Adidas Crazy BYW ,92,"55,105 reviews",$65,sneakers,4.6 
Adidas,Adidas Campus 2 ,84,457 reviews,$55,sneakers,4.2 
Adidas,Adidas Tresc Run ,82,121 reviews,$40,sneakers,4.1 
Adidas,Adidas Samba OG MS ,86,34 reviews,NA,sneakers,4.8 
Adidas,Adidas NMD_C2 ,84,326 reviews,$70,sneakers,4.2 
Adidas,Adidas Yeezy 700 v3 ,88,103 reviews,$250,sneakers,4.4 
Adidas,Adidas Seeley XT ,92,"8,247 reviews",$23,sneakers,4.6 
Adidas,Adidas Suciu ADV II ,90,593 reviews,NA,sneakers,4.5 
Adidas,Adidas Crazy BYW II ,88,129 reviews,$140,sneakers,4.4 
Adidas,Adidas Coast Star ,86,"11,380 reviews",$45,sneakers,4.3 
Adidas,Adidas Wilsy SPZL ,78,6 reviews,$50,sneakers,4.3 
Adidas,Adidas 98 x Crazy BYW ,78,42 reviews,NA,sneakers,4.3 
Adidas,Adidas True Chill ,87,673 reviews,$70,sneakers,4.4 
Adidas,Adidas Kaptir 2.0 ,92,"15,834 reviews",$48,sneakers,4.6 
Adidas,Adidas Munchen ,92,"2,125 reviews",$60,sneakers,4.6 
Adidas,Adidas Lacombe ,91,179 reviews,$60,sneakers,4.6 
Adidas,Adidas Tobacco ,91,351 reviews,$125,sneakers,4.6 
Adidas,Adidas Adiease ,92,"16,728 reviews",$38,sneakers,4.6 
Adidas,Adidas 3ST.004 ,87,262 reviews,$50,sneakers,4.4 
Adidas,Adidas Temper Run ,92,247 reviews,$68,sneakers,4.6 
Adidas,Adidas 3ST.003 ,92,524 reviews,NA,sneakers,4.6 
Adidas,Adidas Bermuda ,87,272 reviews,$50,sneakers,4.4 
Adidas,Adidas 3ST.002 ,84,245 reviews,NA,sneakers,4.2 
Adidas,Adidas ZX Flux Weave ,91,784 reviews,$55,sneakers,4.5 
Adidas,Adidas Palace Pro ,88,8 reviews,$115,sneakers,4.9 
Adidas,Adidas 3ST.001 ,91,94 reviews,NA,sneakers,4.6 
Adidas,Adidas Seeley ADV ,88,119 reviews,$45,sneakers,4.4 
Adidas,Adidas Torsion X ,87,88 reviews,$50,sneakers,4.3 
Adidas,Adidas Nizza Pride ,88,142 reviews,$60,sneakers,4.4 
Adidas,Adidas Lite Racer 2.0 ,90,"13,493 reviews",$60,sneakers,4.5 
Adidas,Adidas LA Trainer 2 ,79,11 reviews,NA,sneakers,4.4 
Adidas,Adidas Kamanda 01 ,89,312 reviews,$70,sneakers,4.4 
Adidas,Adidas Lite Racer BYD ,92,"18,243 reviews",$37,sneakers,4.6 
Adidas,Adidas Yeezy Knit RNR ,90,11 reviews,$159,sneakers,5.0 
Adidas,Adidas Puig Indoor New ,81,32 reviews,$80,sneakers,4.5 
Adidas,Adidas Rivalry RM ,97,62 reviews,$60,sneakers,4.8 
Adidas,Adidas Jogger SPZL ,96,90 reviews,NA,sneakers,4.8 
Adidas,Adidas Tyshawn Low ,94,225 reviews,$85,sneakers,4.7 
Adidas,Adidas A.R Trainer ,88,374 reviews,$40,sneakers,4.4 
Adidas,Adidas Ozweego Zip ,90,7 reviews,$85,sneakers,5.0 
Adidas,Adidas Sobakov 2.0 ,88,557 reviews,$70,sneakers,4.4 
Adidas,Adidas Niteball ,92,"2,026 reviews",$71,sneakers,4.6 
Adidas,Adidas Questar Flow ,91,"58,362 reviews",$35,sneakers,4.5 
Adidas,Adidas Indoor Super ,91,123 reviews,$45,sneakers,4.6 
Adidas,Adidas Questar Rise ,91,"5,402 reviews",$75,sneakers,4.5 
Adidas,Adidas Yeezy 750 Boost ,92,187 reviews,NA,sneakers,4.6 
Adidas,Adidas Boston Super ,73,19 reviews,$35,sneakers,4.0 
Adidas,Adidas Rivalry High ,78,13 reviews,$75,sneakers,4.3 
Adidas,Adidas Caflaire ,84,"1,641 reviews",NA,sneakers,4.2 
Adidas,Adidas Tubular Rise ,86,194 reviews,$135,sneakers,4.3 
Adidas,Adidas BBall80s ,90,280 reviews,NA,sneakers,4.5 
Adidas,Adidas New York Arsham ,82,27 reviews,$99,sneakers,4.6 
Adidas,Adidas Busenitz Pro ,91,"3,846 reviews",$80,sneakers,4.6 
Adidas,Adidas Yeezy 350 V2 CMPCT ,90,12 reviews,$339,sneakers,5.0 
Adidas,Adidas Marathon TR ,91,364 reviews,$120,sneakers,4.5 
Adidas,Adidas Yeezy Boost 700 v2 ,84,63 reviews,$330,sneakers,4.2 
Adidas,Adidas Lite Racer Adapt ,91,"75,028 reviews",$40,sneakers,4.6 
Adidas,Adidas Montreal 76 ,95,634 reviews,$88,sneakers,4.8 
Adidas,Adidas Stan Smith Recon ,91,93 reviews,$50,sneakers,4.5 
Adidas,Adidas Handball Top ,94,498 reviews,$80,sneakers,4.7 
Adidas,Adidas Indoor Comp SPZL ,88,20 reviews,NA,sneakers,4.9 
Adidas,Adidas EQT Cushion ADV ,85,993 reviews,$70,sneakers,4.3 
Adidas,Adidas Busenitz RX ,86,923 reviews,NA,sneakers,4.3 
Adidas,Adidas Temper Run Pride ,86,6 reviews,$90,sneakers,4.8 
Adidas,Adidas Yeezy 450 Sulfur New ,90,5 reviews,$257,sneakers,5.0 
Adidas,Adidas NMD_R2 Summer ,92,"5,037 reviews",$84,sneakers,4.6 
Adidas,Adidas Gazelle Super ,86,271 reviews,$100,sneakers,4.3 
Adidas,Adidas Lite Racer Adapt 4.0 New ,91,"28,225 reviews",$28,sneakers,4.5 
Adidas,Adidas Yeezy 500 High Slate ,78,20 reviews,$313,sneakers,4.3 
Adidas,Adidas Marathon Tech ,87,"2,016 reviews",$58,sneakers,4.4 
Adidas,Adidas Yung-96 Chasm ,87,890 reviews,$50,sneakers,4.4 
Adidas,Adidas Busenitz Vulc ,92,442 reviews,$45,sneakers,4.6 
Adidas,Adidas Phosphere ,89,"6,937 reviews",$40,sneakers,4.5 
Adidas,Adidas Mallison SPZL ,93,56 reviews,NA,sneakers,4.6 
Adidas,Adidas Gazelle Decon ,95,281 reviews,NA,sneakers,4.7 
Adidas,Adidas Glenbuck SPZL ,93,185 reviews,$115,sneakers,4.6 
Adidas,Adidas Pusha T Ozweego ,97,63 reviews,$109,sneakers,4.8 
Adidas,Adidas 424 SC Premiere ,86,5 reviews,$100,sneakers,4.8 
Adidas,Adidas NMD_Racer ,92,"4,777 reviews",$60,sneakers,4.6 
Adidas,Adidas ZX930XEQT ,90,117 reviews,$70,sneakers,4.5 
Adidas,Adidas EQT Support 91/18 ,87,510 reviews,$90,sneakers,4.3 
Adidas,Adidas Americana Hi ,93,652 reviews,$35,sneakers,4.7 
Adidas,Adidas Seeulater OG ,77,12 reviews,$70,sneakers,4.3 
Adidas,Adidas NMD_XR1 Winter ,84,288 reviews,$80,sneakers,4.2 
Adidas,Adidas EQT Support 93/16 ,91,423 reviews,$110,sneakers,4.6 
Adidas,Adidas Superstar BT ,81,35 reviews,NA,sneakers,4.5 
Adidas,Adidas Rising StarXR1 ,91,895 reviews,$70,sneakers,4.6 
Adidas,Adidas Busenitz Vulc RX ,88,193 reviews,$85,sneakers,4.4 
Adidas,Adidas Swift Run Barrier ,87,128 reviews,$90,sneakers,4.4 
Adidas,Adidas Yeezy 350 Boost v2 Zebra ,86,889 reviews,$409,sneakers,4.3 
Adidas,Adidas Americana Low ,90,"1,052 reviews",$97,sneakers,4.5 
Adidas,Adidas Lucas Premiere ,92,"1,294 reviews",$75,sneakers,4.6 
Adidas,Adidas Munchen Super SPZL ,94,82 reviews,$70,sneakers,4.7 
Adidas,Adidas Broomfield ,96,"4,673 reviews",NA,sneakers,4.8 
Adidas,Adidas Gazelle Vintage ,89,444 reviews,$65,sneakers,4.4 
Adidas,Adidas Gazelle Leather ,96,"11,529 reviews",$75,sneakers,4.8 
Adidas,Adidas Matchcourt ,89,"2,054 reviews",$60,sneakers,4.5 
Adidas,Adidas Copa Nationale ,91,322 reviews,$40,sneakers,4.5 
Adidas,Adidas F/22 Primeknit ,85,114 reviews,$115,sneakers,4.2 
Adidas,Adidas Dimension Low Top ,90,163 reviews,$47,sneakers,4.5 
Adidas,Adidas Matchcourt CF ,81,8 reviews,NA,sneakers,4.5 
Adidas,Adidas Boston SuperXR1 ,91,627 reviews,$130,sneakers,4.5 
Adidas,Adidas EQT Support 93/17 GTX ,89,164 reviews,NA,sneakers,4.5 
Adidas,Adidas Lowertree SPZL ,94,76 reviews,$60,sneakers,4.7 
Adidas,Adidas Seeley Premiere ,90,609 reviews,$70,sneakers,4.5 
Adidas,Adidas Yung-96 Chasm Trail ,88,8 reviews,$45,sneakers,4.9 
Adidas,Adidas Superstar 80s CNY ,91,"1,216 reviews",$80,sneakers,4.5 
Adidas,Adidas EQT Support Ultra CNY ,94,146 reviews,$119,sneakers,4.7 
Adidas,Adidas EQT Support Ultra MMW ,69,14 reviews,$173,sneakers,3.9 
Adidas,Adidas EQT Running Support ,86,360 reviews,$80,sneakers,4.3 
Adidas,Adidas Tubular Shadow Knit ,88,"1,206 reviews",$80,sneakers,4.4 
Adidas,Adidas Matchcourt Mid ,92,168 reviews,NA,sneakers,4.6 
Adidas,Adidas EQT Support ADV Winter ,88,387 reviews,$106,sneakers,4.4 
Adidas,Adidas Twinstrike ADV ,93,106 reviews,$74,sneakers,4.7 
Adidas,Adidas EQT Support ADV Parley ,89,958 reviews,NA,sneakers,4.5 
Adidas,Adidas Handball Spezial ,93,"31,029 reviews",$191,sneakers,4.7 
Adidas,Adidas Futurepacer ,90,411 reviews,$120,sneakers,4.5 
Adidas,Adidas New York Present Arsham ,82,30 reviews,$90,sneakers,4.5 
Adidas,Adidas Stan Smith Leather Sock ,92,"5,821 reviews",$85,sneakers,4.6 
Adidas,Adidas Adiease Premiere ,89,552 reviews,$100,sneakers,4.4 
Adidas,Adidas Tubular Invader Strap ,84,"1,952 reviews",$96,sneakers,4.2 
Adidas,Adidas Tubular X Primeknit ,84,826 reviews,$160,sneakers,4.2 
Adidas,Adidas Crazy 8 ADV Primeknit ,86,410 reviews,$55,sneakers,4.3 
Adidas,Adidas Cloudfoam Lite Racer ,86,"4,605 reviews",$40,sneakers,4.3 
Adidas,Adidas Crazy 1 ADV Primeknit ,91,239 reviews,$72,sneakers,4.6 
Adidas,Adidas AF 1.3 Primeknit Boots ,93,150 reviews,NA,sneakers,4.6 
Adidas,Adidas Microbounce T1 ,86,8 reviews,$75,sneakers,4.8 
Adidas,Adidas 3MC X Beavis and Butthead ,92,207 reviews,NA,sneakers,4.6 
Adidas,Adidas 3ST.002 Primeknit ,84,132 reviews,NA,sneakers,4.2 
Adidas,Adidas H.F/1.4 Primeknit ,93,"1,055 reviews",NA,sneakers,4.7 
Adidas,Adidas X_PLR Sneakerboot ,90,473 reviews,NA,sneakers,4.5 
Adidas,Adidas Tubular Instinct Boost ,85,202 reviews,$75,sneakers,4.2 
Adidas,Adidas NMD_TS1 Primeknit GTX ,91,366 reviews,$90,sneakers,4.6 
Adidas,Adidas Cloudfoam Revival Mid ,93,113 reviews,NA,sneakers,4.7 
Adidas,Adidas Originals by AW BBall Shoes ,86,20 reviews,$155,sneakers,4.8 
Adidas,Adidas Silverbirch SPZL ,85,10 reviews,$159,sneakers,4.7 
Adidas,Adidas Boston Super Primeknit ,83,13 reviews,$85,sneakers,4.6 
Adidas,Adidas Tubular Doom Primeknit ,85,"1,337 reviews",$60,sneakers,4.3 
Adidas,Adidas EQT Support 93/17 Yuanxiao ,94,410 reviews,$144,sneakers,4.7 
Adidas,Adidas Yeezy Boost 380 Reflective ,84,30 reviews,$200,sneakers,4.7 
Adidas,Adidas Pharrell Williams Solar Hu NMD ,85,38 reviews,$525,sneakers,4.7 
Adidas,Adidas EQT Support Mid ADV Primeknit ,87,"1,120 reviews",$50,sneakers,4.4 
Adidas,Adidas Tubular Radial Primeknit ,88,527 reviews,NA,sneakers,4.4 
Adidas,Adidas Lucas Premiere Primeknit ,90,276 reviews,$65,sneakers,4.5 
Adidas,Adidas Pharrell Williams Nizza Hi RF ,90,6 reviews,$63,sneakers,5.0 
Adidas,Adidas Marathonx5923 ,88,507 reviews,$55,sneakers,4.4 
Adidas,Adidas Tubular Shadow Primeknit ,81,130 reviews,$55,sneakers,4.1 
Adidas,Adidas NMD_R1 STLT Parley Primeknit ,93,"20,519 reviews",NA,sneakers,4.7 
Adidas,Adidas Questarstrike ,87,298 reviews,$66,sneakers,4.4 
Adidas,Adidas Consortium Ultra Boost Lux ,87,11 reviews,$323,sneakers,4.8 
Adidas,Adidas NMD_CS1 Parley Primeknit ,92,470 reviews,$130,sneakers,4.6 
Adidas,Adidas MicropacerXR1 ,92,"1,412 reviews",$60,sneakers,4.6 
Adidas,Adidas Originals By AW Turnout Bball ,80,7 reviews,$451,sneakers,4.4 
Adidas,Adidas Pharrell Williams Crazy BYW LVL ,95,582 reviews,$210,sneakers,4.7 
Adidas,Adidas Pharrell Williams Hu NMD Human Made ,87,7 reviews,NA,sneakers,4.9 
Adidas,Adidas Cloudfoam Ultimate B-Ball ,86,915 reviews,NA,sneakers,4.3 
Adidas,Adidas Busenitz Pure Boost Primeknit ,86,248 reviews,$99,sneakers,4.3 
Adidas,Adidas Advantage Clean VS Lifestyle ,87,"7,626 reviews",NA,sneakers,4.3 
Adidas,Adidas CountryxKamanda ,90,146 reviews,$60,sneakers,4.5 
Adidas,Adidas Twinstrike ADV Stretch Leather ,80,43 reviews,$130,sneakers,4.4 
Adidas,Reebok Instapump Fury Boost ,88,9 reviews,$64,sneakers,4.9 
Reebok,Reebok Print Run 3.0 ,82,871 reviews,$58,running-shoes,4.5 
Reebok,Reebok Floatride Run Fast 2 ,85,"1,125 reviews",$38,running-shoes,4.3 
Reebok,Reebok Floatride Run Fast ,89,"1,079 reviews",$75,running-shoes,4.4 
Reebok,Reebok Print Lux ,81,79 reviews,$61,running-shoes,4.5 
Reebok,Reebok Floatride Run ,85,268 reviews,$90,running-shoes,4.4 
Reebok,Reebok Print Lite Rush ,78,567 reviews,$50,running-shoes,4.3 
Reebok,Reebok Sublite Legend ,82,557 reviews,NA,running-shoes,4.3 
Reebok,Reebok Z Fury Tempo ,71,134 reviews,$80,running-shoes,3.9 
Reebok,Reebok Floatride Run 2.0 ,85,357 reviews,$60,running-shoes,4.5 
Reebok,Reebok Floatride Run ULTK ,78,199 reviews,$72,running-shoes,4.1 
Reebok,Reebok Harmony Road ,89,95 reviews,NA,running-shoes,4.6 
Reebok,Reebok Zigwild Trail 6.0 ,83,"8,845 reviews",$55,running-shoes,4.6 
Reebok,Reebok Astroride Future ,78,299 reviews,NA,running-shoes,4.3 
Reebok,Reebok Floatride Energy 4 ,89,142 reviews,$36,running-shoes,4.5 
Reebok,Reebok Floatride Energy 3 Lab test ,92,"1,879 reviews",$50,running-shoes,4.6 
Reebok,Reebok Floatride Run Fast Pro ,87,135 reviews,$43,running-shoes,4.2 
Reebok,Reebok Floatride Run Panthea ,81,67 reviews,$43,running-shoes,4.2 
Reebok,Reebok Floatride Run Fast London Pro ,79,50 reviews,$65,running-shoes,4.4 
Reebok,Reebok Harmony Road 3 ,87,276 reviews,$72,running-shoes,4.7 
Reebok,Reebok Sole Fury TS ,83,809 reviews,$64,running-shoes,4.2 
Reebok,Reebok Floatride Run Fast 3 ,72,12 reviews,$65,running-shoes,4.0 
Reebok,Reebok Harmony Road 3.5 ,83,106 reviews,$46,running-shoes,4.6 
Reebok,Reebok Floatride Energy X ,90,11 reviews,$160,running-shoes,5.0 
Reebok,Reebok Forever Floatride Energy ,91,"2,419 reviews",$66,running-shoes,4.5 
Reebok,Reebok Floatride Fuel Run ,77,604 reviews,$37,running-shoes,4.3 
Reebok,Reebok Forever Floatride Energy 2 ,89,"5,398 reviews",$41,running-shoes,4.4 
Reebok,Reebok Speedlux 3.0 ,77,493 reviews,$43,running-shoes,4.3 
Reebok,Reebok Ahary Runner ,71,861 reviews,$50,running-shoes,4.0 
Reebok,Reebok Runner ,79,436 reviews,$45,running-shoes,4.4 
Reebok,Reebok Runner 3 ,76,548 reviews,$43,running-shoes,4.2 
Reebok,Reebok Club C 85 MCC ,92,"6,445 reviews",NA,sneakers,4.6 
Reebok,Reebok Club C 85 SO ,92,917 reviews,$56,sneakers,4.6 
Reebok,Reebok NPC II ,89,"4,505 reviews",$180,sneakers,4.5 
Reebok,Reebok Club C 1985 TV ,92,"3,402 reviews",$85,sneakers,4.6 
Reebok,Reebok Royal Complete CLN ,84,"2,228 reviews",NA,sneakers,4.2 
Reebok,Reebok Zig Pulse ,89,"3,462 reviews",$95,sneakers,4.5 
Reebok,Reebok Club C 85 Lab test ,92,"31,918 reviews",$60,sneakers,4.6 
Reebok,Reebok Aztec OG ,91,73 reviews,$80,sneakers,4.6 
Reebok,Reebok Royal Nylon ,93,"10,180 reviews",$48,sneakers,4.6 
Reebok,Reebok Royal Techque T ,86,"5,056 reviews",$28,sneakers,4.3 
Reebok,Reebok Royal Glide LX ,86,"1,794 reviews",NA,sneakers,4.3 
Reebok,Reebok Royal Ultra SL ,87,398 reviews,NA,sneakers,4.3 
Reebok,Reebok Royal Techque T LX ,87,612 reviews,NA,sneakers,4.3 
Reebok,Reebok Workout Mid ,77,115 reviews,$40,sneakers,3.8 
Reebok,Reebok Torch Hex ,88,72 reviews,$36,sneakers,4.4 
Reebok,Reebok Royal Glide Ripple Clip ,89,"14,810 reviews",NA,sneakers,4.5 
Reebok,Reebok Royal Transport TX ,68,9 reviews,NA,sneakers,3.8 
Reebok,Reebok Royal Pervader ,84,"1,616 reviews",$39,sneakers,4.2 
Reebok,Reebok Classic Nylon Color ,92,"1,588 reviews",NA,sneakers,4.6 
Reebok,Reebok Classic Leather TDC ,90,465 reviews,NA,sneakers,4.5 
Reebok,Reebok Zoku Runner Ultraknit IS ,79,41 reviews,$120,sneakers,4.4 
Reebok,Reebok Club C Legacy ,89,115 reviews,$70,sneakers,4.5 
Reebok,Reebok Workout Plus ,89,"49,098 reviews",$39,sneakers,4.4 
Reebok,Reebok Rivyx Ripple ,73,38 reviews,$78,sneakers,4.1 
Reebok,Reebok Aztrek 93 ,90,310 reviews,$33,sneakers,4.5 
Reebok,Reebok Answer V ,92,74 reviews,$164,sneakers,4.6 
Reebok,Reebok Club C 85 Vintage ,94,"26,664 reviews",$85,sneakers,4.7 
Reebok,Reebok Classic Renaissance ,87,"138,902 reviews",$45,sneakers,4.4 
Reebok,Reebok Dual Court ,84,29 reviews,$42,sneakers,4.6 
Reebok,Reebok DMXpert ,78,64 reviews,$59,sneakers,3.9 
Reebok,Reebok Solution Mid ,83,107 reviews,$32,basketball-shoes,4.4 
Reebok,Reebok Zignano ProFury ,70,59 reviews,NA,basketball-shoes,3.8 
Reebok,Reebok Blast ,63,37 reviews,$130,basketball-shoes,3.8 
Reebok,Reebok Mobius ,89,184 reviews,$159,basketball-shoes,4.5 
Reebok,Reebok Answer IV ,84,109 reviews,$105,basketball-shoes,4.3 
Reebok,Reebok Shaq Attaq ,85,235 reviews,$140,basketball-shoes,4.6 
Reebok,Reebok Answer DMX ,84,95 reviews,$170,basketball-shoes,4.1 
Reebok,Reebok Question Mid ,84,727 reviews,$79,basketball-shoes,4.3 
Reebok,Reebok Question Low ,76,27 reviews,$61,basketball-shoes,4.6 
Reebok,Reebok Royal BB4500 Low ,71,291 reviews,$75,basketball-shoes,3.8 
Reebok,Reebok Kamikaze II Mid ,83,258 reviews,$120,basketball-shoes,4.5 
Reebok,Reebok Shaqnosis ,84,284 reviews,$110,basketball-shoes,4.5 
Reebok,Reebok Shaq Attaq Modern ,65,31 reviews,$150,basketball-shoes,3.9 
Reebok,Reebok Iverson Legacy ,90,"1,314 reviews",$127,basketball-shoes,4.8 
Reebok,Reebok JJ IV ,92,286 reviews,$67,training-shoes,4.6 
Reebok,Reebok Nano X1 ,88,"25,251 reviews",$64,training-shoes,4.4 
Reebok,Reebok Nanoflex TR ,81,"10,760 reviews",$34,training-shoes,4.2 
Reebok,Reebok Flexagon 3 ,77,"2,071 reviews",$32,training-shoes,4.1 
Reebok,Reebok CrossFit Nano 6.0 ,93,"1,677 reviews",NA,training-shoes,4.6 
Reebok,Reebok Flexagon ,82,"2,485 reviews",$35,training-shoes,4.4 
Reebok,Reebok CrossFit Nano 2.0 ,92,"2,834 reviews",NA,training-shoes,4.6 
Reebok,Reebok Flexagon 2.0 ,79,375 reviews,$49,training-shoes,4.2 
Reebok,Reebok Nano X Unknown ,87,181 reviews,$130,training-shoes,4.3 
Reebok,Reebok Nano X1 Froning ,89,133 reviews,$100,training-shoes,4.6 
Reebok,Reebok Reago Pulse ,80,563 reviews,$40,training-shoes,4.3 
Reebok,Reebok CrossFit Nano 7 ,86,"18,330 reviews",$130,training-shoes,4.4 
Reebok,Reebok Flexagon Force ,79,"2,181 reviews",$28,training-shoes,4.2 
Reebok,Reebok Flexagon Energy ,83,"3,619 reviews",$27,training-shoes,4.4 
Reebok,Reebok Flexagon Energy TR 2.0 ,78,"1,446 reviews",$41,training-shoes,4.2 
Reebok,Reebok Nano X2 ,90,"2,060 reviews",$71,training-shoes,4.6 
Reebok,Reebok CrossFit Nano 9 ,93,"30,339 reviews",$64,training-shoes,4.6 
Reebok,Reebok Nano 6000 ,84,6 reviews,$135,training-shoes,5.0 
Reebok,Reebok CrossFit Nano 5.0 ,88,"2,735 reviews",NA,training-shoes,4.3 
Reebok,Reebok CrossFit Nano 4.0 ,92,"1,645 reviews",$115,training-shoes,4.6 
Reebok,Reebok Speed TR Flexweave ,88,"3,282 reviews",$84,training-shoes,4.5 
Reebok,Reebok Flexagon Force 2.0 ,81,"5,720 reviews",$28,training-shoes,4.4 
Reebok,Reebok Speed TR ,87,"2,137 reviews",$57,training-shoes,4.3 
Reebok,Reebok Nano X2 TR Adventure New ,88,71 reviews,$55,training-shoes,4.5 
Reebok,Reebok Flexagon Force 3 New ,81,"1,687 reviews",$32,training-shoes,4.4 
Reebok,Reebok CrossFit Nano 8 Flexweave ,93,"15,511 reviews",NA,training-shoes,4.6 
Reebok,Reebok Dart TR 2 ,78,173 reviews,$34,training-shoes,4.2 
Reebok,Reebok HIIT 2 ,83,734 reviews,$100,training-shoes,4.3 
Reebok,Reebok Legacy Lifter ,90,"5,525 reviews",$68,training-shoes,4.5 
Reebok,Reebok Legacy Lifter II ,89,"2,199 reviews",$150,training-shoes,4.7 
Reebok,Reebok JJ IV ,92,286 reviews,$67,training-shoes,4.6 
Reebok,Reebok Nano X1 ,88,"25,251 reviews",$64,training-shoes,4.4 
Reebok,Reebok Nanoflex TR ,81,"10,760 reviews",$34,training-shoes,4.2 
Reebok,Reebok Flexagon 3 ,77,"2,071 reviews",$32,training-shoes,4.1 
Reebok,Reebok CrossFit Nano 6.0 ,93,"1,677 reviews",NA,training-shoes,4.6 
Reebok,Reebok Flexagon ,82,"2,485 reviews",$35,training-shoes,4.4 
Reebok,Reebok CrossFit Nano 2.0 ,92,"2,834 reviews",NA,training-shoes,4.6 
Reebok,Reebok Flexagon 2.0 ,79,375 reviews,$49,training-shoes,4.2 
Reebok,Reebok Nano X Unknown ,87,181 reviews,$130,training-shoes,4.3 
Reebok,Reebok Nano X1 Froning ,89,133 reviews,$100,training-shoes,4.6 
Reebok,Reebok Reago Pulse ,80,563 reviews,$40,training-shoes,4.3 
Reebok,Reebok CrossFit Nano 7 ,86,"18,330 reviews",$130,training-shoes,4.4 
Reebok,Reebok Flexagon Force ,79,"2,181 reviews",$28,training-shoes,4.2 
Reebok,Reebok Flexagon Energy ,83,"3,619 reviews",$27,training-shoes,4.4 
Reebok,Reebok Flexagon Energy TR 2.0 ,78,"1,446 reviews",$41,training-shoes,4.2 
Reebok,Reebok Nano X2 ,90,"2,060 reviews",$71,training-shoes,4.6 
Reebok,Reebok CrossFit Nano 9 ,93,"30,339 reviews",$64,training-shoes,4.6 
Reebok,Reebok Nano 6000 ,84,6 reviews,$135,training-shoes,5.0 
Reebok,Reebok CrossFit Nano 5.0 ,88,"2,735 reviews",NA,training-shoes,4.3 
Reebok,Reebok CrossFit Nano 4.0 ,92,"1,645 reviews",$115,training-shoes,4.6 
Reebok,Reebok Speed TR Flexweave ,88,"3,282 reviews",$84,training-shoes,4.5 
Reebok,Reebok Flexagon Force 2.0 ,81,"5,720 reviews",$28,training-shoes,4.4 
Reebok,Reebok Speed TR ,87,"2,137 reviews",$57,training-shoes,4.3 
Reebok,Reebok Nano X2 TR Adventure New ,88,71 reviews,$55,training-shoes,4.5 
Reebok,Reebok Flexagon Force 3 New ,81,"1,687 reviews",$32,training-shoes,4.4 
Reebok,Reebok CrossFit Nano 8 Flexweave ,93,"15,511 reviews",NA,training-shoes,4.6 
Reebok,Reebok Dart TR 2 ,78,173 reviews,$34,training-shoes,4.2 
Reebok,Reebok HIIT 2 ,83,734 reviews,$100,training-shoes,4.3 
Reebok,Reebok Legacy Lifter ,90,"5,525 reviews",$68,training-shoes,4.5 
Reebok,Reebok Legacy Lifter II ,89,"2,199 reviews",$150,training-shoes,4.7 
Reebok,Reebok Work N Cushion 3.0 ,87,"11,674 reviews",NA,walking-shoes,4.3 
Reebok,Reebok Astroride Soul 2 ,84,125 reviews,$50,walking-shoes,4.2 
Reebok,Reebok Work N Cushion 4.0 ,86,"38,888 reviews",$39,walking-shoes,4.3 
Reebok,Reebok Ridgerider 6 ,88,"1,674 reviews",$26,walking-shoes,4.4 
Reebok,Reebok Ever Road DMX ,87,"1,166 reviews",$23,walking-shoes,4.3 
Reebok,Reebok Walk Ultra 7 DMX MAX ,88,"9,214 reviews",$40,walking-shoes,4.4 
Reebok,Reebok CloudRide DMX 3.0 ,80,802 reviews,$85,walking-shoes,4.0 
Reebok,Reebok Walk Ultra 6 DMX Max ,89,"4,202 reviews",$57,walking-shoes,4.4 
Reebok,Reebok Cloudride DMX 4 ,86,689 reviews,NA,walking-shoes,4.3 
Reebok,Reebok Fusion Flexweave Work ,77,"3,324 reviews",$75,walking-shoes,3.9 
Reebok,Reebok Ever Road DMX 2 ,86,463 reviews,NA,walking-shoes,4.3 
Reebok,Reebok Ever Road DMX 3 ,77,420 reviews,$28,walking-shoes,3.8 
Reebok,Reebok Trail Cruiser ,79,353 reviews,$44,walking-shoes,3.9 
Reebok,Reebok Royal Trainer MT ,83,"2,023 reviews",$43,walking-shoes,4.2 
Reebok,Reebok Ridgerider 5 ,80,787 reviews,$48,walking-shoes,4.0 
Reebok,Reebok Astroride Soul ,80,80 reviews,$60,walking-shoes,4.0 
Reebok,Reebok Astroride Trail 2 ,86,756 reviews,NA,walking-shoes,4.3 
Reebok,Reebok Ridgerider Trail 3.0 ,84,"1,487 reviews",$45,walking-shoes,4.2 
Reebok,Reebok Ridgerider Leather ,87,"1,256 reviews",$60,walking-shoes,4.3 
Reebok,Reebok Fusium Run ,79,411 reviews,$60,running-shoes,4.4 
Reebok,Reebok Fusium Run 2 ,81,"2,415 reviews",$61,running-shoes,4.5 
Reebok,Reebok PT Prime Run 2.0 ,77,216 reviews,$49,running-shoes,4.3 
Reebok,Reebok Endless Road ,78,"2,356 reviews",$37,running-shoes,4.3 
Reebok,Reebok PT Prime Runner FC ,75,793 reviews,NA,running-shoes,4.2 
Reebok,Reebok Flashfilm ,79,"1,342 reviews",NA,running-shoes,4.4 
Reebok,Reebok Run Supreme 3.0 MT ,74,312 reviews,$60,running-shoes,4.1 
Reebok,Reebok Jet Dashride 6.0 ,75,128 reviews,$50,running-shoes,4.2 
Reebok,Reebok Instalite Lux ,80,691 reviews,$59,running-shoes,4.4 
Reebok,Reebok Lite 3 Lab test ,81,"1,479 reviews",$33,running-shoes,4.5 
Reebok,Reebok Lite ,77,"2,343 reviews",$31,running-shoes,4.3 
Reebok,Reebok Zquick ,88,198 reviews,NA,running-shoes,4.4 
Reebok,Reebok Lite 2.0 ,82,"4,137 reviews",$41,running-shoes,4.5 
Reebok,Reebok Driftium Ride 2 ,80,186 reviews,NA,running-shoes,4.5 
Reebok,Reebok Metreon ,77,73 reviews,$33,running-shoes,4.3 
Reebok,Reebok ZPump Fusion 2.5 ,81,376 reviews,NA,running-shoes,4.1 
Reebok,Reebok Energen Plus ,81,"1,780 reviews",$26,running-shoes,4.5 
Reebok,Reebok Fusion Flexweave ,80,"2,006 reviews",$55,running-shoes,4.3 
Reebok,Reebok RUN_R 96 ,68,9 reviews,$47,running-shoes,4.2 
Reebok,Reebok Lite Plus 3 ,75,569 reviews,$30,running-shoes,4.2 
Reebok,Reebok Lite Slip-on ,77,"1,647 reviews",NA,running-shoes,4.3 
Reebok,Reebok Runner 4 ,74,"3,982 reviews",$55,running-shoes,4.1 
Reebok,Reebok Driftium ,82,752 reviews,$48,running-shoes,4.6 
Reebok,Reebok Speed Breeze 2 ,77,350 reviews,$32,running-shoes,4.3 
Reebok,Reebok Endless Road 2 ,72,"1,427 reviews",$27,running-shoes,4.0 
Reebok,Reebok Energylux 3 ,82,606 reviews,NA,running-shoes,4.6 
Reebok,Reebok EnergyLux 2 ,78,"3,975 reviews",$37,running-shoes,4.3 
Reebok,Reebok Liquifect ,87,44 reviews,NA,running-shoes,4.6 
Reebok,Reebok Flashfilm 2.0 ,80,"2,254 reviews",$50,running-shoes,4.5 
Reebok,Reebok Flashfilm 3.0 ,73,426 reviews,$25,running-shoes,4.1 
Reebok,Reebok DMX Thrill ,87,7 reviews,$75,sneakers,4.9 
Reebok,Reebok Club C 85 Vegan New ,92,"17,493 reviews",$39,sneakers,4.6 
Reebok,Reebok Classic Nylon ,92,"130,189 reviews",$38,sneakers,4.6 
Reebok,Reebok BB 4000 ,86,520 reviews,$40,sneakers,4.3 
Reebok,Reebok Club C RC 1 ,83,5 reviews,$60,sneakers,4.6 
Reebok,Reebok Pyro ,87,"1,135 reviews",$29,sneakers,4.4 
Reebok,Reebok Classic Harman Run ,89,"166,369 reviews",$28,sneakers,4.5 
Reebok,Reebok Club C Revenge ,92,"25,141 reviews",$38,sneakers,4.6 
Reebok,Reebok Zig Dynamica 3 New ,82,87 reviews,NA,sneakers,4.1 
Reebok,Reebok Aztrek ,87,"5,560 reviews",$28,sneakers,4.4 
Reebok,Reebok Club C Revenge Plus ,85,28 reviews,NA,sneakers,4.7 
Reebok,Reebok Aztrek 96 ,88,"2,242 reviews",$38,sneakers,4.4 
Reebok,Reebok Zig Kinetica II Edge New ,90,58 reviews,$66,sneakers,4.5 
Reebok,Reebok Classic Leather ,92,"207,738 reviews",$23,sneakers,4.6 
Reebok,Reebok Aztrek 96 Reinvented ,89,431 reviews,NA,sneakers,4.5 
Reebok,Reebok Club C Revenge Vintage ,71,21 reviews,$155,sneakers,3.9 
Reebok,Reebok GL 6000 OG ,86,8 reviews,NA,sneakers,4.8 
Reebok,Reebok Daytona DMX Vector ,75,42 reviews,$55,sneakers,4.2 
Reebok,Reebok Workout Plus Nepenthes ,67,10 reviews,$50,sneakers,3.7 
Reebok,Reebok Split Fuel ,79,"1,001 reviews",$45,sneakers,3.9 
Reebok,Reebok Zig Kinetica Concept_Type1 ,87,7 reviews,$72,sneakers,4.9 
Reebok,Reebok DMX Run 10 ,92,166 reviews,$70,sneakers,4.6 
Reebok,Reebok Club C 85 Leather ,92,"2,599 reviews",$55,sneakers,4.6 
Reebok,Reebok Ex-O-Fit Hi ,92,"1,128 reviews",$70,sneakers,4.6 
Reebok,Reebok Royal Glide ,88,"18,146 reviews",$70,sneakers,4.4 
Reebok,Reebok Fury Adapt ,75,207 reviews,$60,sneakers,3.8 
Reebok,Reebok AZ II ,93,112 reviews,$57,sneakers,4.7 
Reebok,Reebok Aztrek 96 Adventure ,85,985 reviews,$61,sneakers,4.3 
Reebok,Reebok DMX Series 2000 ,84,97 reviews,$70,sneakers,4.2 
Reebok,Reebok Sole Fury ,85,"3,534 reviews",$45,sneakers,4.2 
Reebok,Reebok CrossFit Lifter 2.0 ,86,688 reviews,$80,training-shoes,4.4 
Reebok,Reebok HIIT ,85,"11,492 reviews",$45,training-shoes,4.5 
Reebok,Reebok Nano X ,92,"24,201 reviews",$70,training-shoes,4.6 
Reebok,Reebok Combat Noble Trainer ,82,109 reviews,$86,training-shoes,4.2 
Reebok,Reebok CrossFit Lifter Plus 2.0 ,88,491 reviews,NA,training-shoes,4.4 
Reebok,Reebok RealFlex Train 4.0 ,82,678 reviews,NA,training-shoes,4.2 
Reebok,Reebok Lifter PR II ,91,"1,061 reviews",$64,training-shoes,4.6 
Reebok,Reebok ROS Workout TR 2.0 ,79,"5,750 reviews",$67,training-shoes,4.3 
Reebok,Reebok Trainfusion Nine 3.0 ,84,775 reviews,NA,training-shoes,4.5 
Reebok,Reebok CrossFit Lite TR ,86,582 reviews,NA,training-shoes,4.3 
Reebok,Reebok JJ II ,87,162 reviews,$70,training-shoes,4.7 
Reebok,Reebok CXT TR ,86,219 reviews,NA,training-shoes,4.6 
Reebok,Reebok JJ III ,78,"2,673 reviews",$71,training-shoes,4.2 
Reebok,Reebok Lifter PR ,88,"6,143 reviews",$59,training-shoes,4.6 
Reebok,Reebok Froning ,89,84 reviews,$150,training-shoes,4.6 
Reebok,Reebok Power Lite Mid ,87,9 reviews,NA,training-shoes,5.0 
Reebok,Reebok Hydrorush ,82,224 reviews,$36,training-shoes,4.4 
Reebok,Reebok Hydrorush II ,81,68 reviews,$61,training-shoes,4.3 
Reebok,Reebok Yourflex Train 10 MT ,81,"1,712 reviews",NA,training-shoes,4.4 
Reebok,Reebok CrossFit Speed TR 2.0 ,91,"1,188 reviews",$90,training-shoes,4.5 
Reebok,Reebok Advanced Trainer ,76,707 reviews,$35,training-shoes,4.1 
Reebok,Reebok Flashfilm Trainer ,84,"3,519 reviews",NA,training-shoes,4.5 
Reebok,Reebok CrossFit Lifter 2.0 ,86,688 reviews,$80,training-shoes,4.4 
Reebok,Reebok HIIT ,85,"11,492 reviews",$45,training-shoes,4.5 
Reebok,Reebok Nano X ,92,"24,201 reviews",$70,training-shoes,4.6 
Reebok,Reebok Combat Noble Trainer ,82,109 reviews,$86,training-shoes,4.2 
Reebok,Reebok CrossFit Lifter Plus 2.0 ,88,491 reviews,NA,training-shoes,4.4 
Reebok,Reebok RealFlex Train 4.0 ,82,678 reviews,NA,training-shoes,4.2 
Reebok,Reebok Lifter PR II ,91,"1,061 reviews",$64,training-shoes,4.6 
Reebok,Reebok ROS Workout TR 2.0 ,79,"5,750 reviews",$67,training-shoes,4.3 
Reebok,Reebok Trainfusion Nine 3.0 ,84,775 reviews,NA,training-shoes,4.5 
Reebok,Reebok CrossFit Lite TR ,86,582 reviews,NA,training-shoes,4.3 
Reebok,Reebok JJ II ,87,162 reviews,$70,training-shoes,4.7 
Reebok,Reebok CXT TR ,86,219 reviews,NA,training-shoes,4.6 
Reebok,Reebok JJ III ,78,"2,673 reviews",$71,training-shoes,4.2 
Reebok,Reebok Lifter PR ,88,"6,143 reviews",$59,training-shoes,4.6 
Reebok,Reebok Froning ,89,84 reviews,$150,training-shoes,4.6 
Reebok,Reebok Power Lite Mid ,87,9 reviews,NA,training-shoes,5.0 
Reebok,Reebok Hydrorush ,82,224 reviews,$36,training-shoes,4.4 
Reebok,Reebok Hydrorush II ,81,68 reviews,$61,training-shoes,4.3 
Reebok,Reebok Yourflex Train 10 MT ,81,"1,712 reviews",NA,training-shoes,4.4 
Reebok,Reebok CrossFit Speed TR 2.0 ,91,"1,188 reviews",$90,training-shoes,4.5 
Reebok,Reebok Advanced Trainer ,76,707 reviews,$35,training-shoes,4.1 
Reebok,Reebok Flashfilm Trainer ,84,"3,519 reviews",NA,training-shoes,4.5 
Reebok,Reebok Zigwild TR 5.0 ,83,"2,705 reviews",$90,running-shoes,4.6 
Reebok,Reebok Fusion Flexweave Cage ,76,779 reviews,$60,running-shoes,4.2 
Reebok,Reebok Royal Turbo Impulse ,84,571 reviews,$35,sneakers,4.2 
Reebok,Reebok Club C Coast New ,92,518 reviews,$14,sneakers,4.6 
Reebok,Reebok Zig Kinetica Edge ,95,"1,751 reviews",$118,sneakers,4.7 
Reebok,Reebok Club C Mid II Vintage New ,90,5 reviews,$90,sneakers,5.0 
Reebok,Reebok DMX Series 2200 ,87,223 reviews,$37,sneakers,4.3 
Reebok,Reebok Zig 3D Storm Hydro New ,90,5 reviews,$145,sneakers,5.0 
Reebok,Reebok Zig Dynamica ,87,"9,946 reviews",$45,sneakers,4.4 
Reebok,Reebok Classic Leather Ripple ,89,50 reviews,$70,sneakers,4.5 
Reebok,Reebok Royal Heredis ,88,745 reviews,NA,sneakers,4.4 
Reebok,Reebok Electrolyte 97 ,85,31 reviews,$88,sneakers,4.7 
Reebok,Reebok Classic Leather 1983 TV ,86,10 reviews,NA,sneakers,4.8 
Reebok,Reebok Classic Leather Legacy ,89,"12,962 reviews",$19,sneakers,4.5 
Reebok,Reebok Classic Leather Legacy AZ New ,86,262 reviews,$33,sneakers,4.3 
Reebok,Reebok Classic Leather 1983 Vintage New ,90,5 reviews,$65,sneakers,5.0 
Reebok,Reebok Classic Leather Ripple Trail ,90,"4,462 reviews",$37,sneakers,4.5 
Reebok,Reebok Bolton Essential ,85,84 reviews,$27,sneakers,4.2 
Reebok,Reebok Instapump Fury Boost ,88,9 reviews,$64,sneakers,4.9 
Reebok,Reebok Classic Leather ATI 90S ,87,100 reviews,$85,sneakers,4.4 
Reebok,Reebok Daytona DMX ,83,147 reviews,$81,sneakers,4.2 
Reebok,Reebok Slice USA ,87,290 reviews,$70,sneakers,4.3 
Reebok,Reebok Furylite ,87,307 reviews,$79,sneakers,4.3 
Reebok,Reebok LT Court New ,71,53 reviews,$120,sneakers,3.5 
Reebok,Reebok GL 1000 New ,89,408 reviews,$28,sneakers,4.4 
Reebok,Reebok Premier New ,80,20 reviews,$47,sneakers,4.5 
Reebok,Reebok Victory G New ,90,5 reviews,$70,sneakers,5.0 
Reebok,Reebok 3D OP. 98 ,78,21 reviews,NA,sneakers,4.3 
Reebok,Reebok BB 4600 ,88,"1,349 reviews",$50,sneakers,4.4 
Reebok,Reebok Club C 85 MU ,92,"6,702 reviews",$39,sneakers,4.6 
Reebok,Reebok Club MEMT ,90,"81,970 reviews",$32,sneakers,4.5 
Reebok,Reebok Bolton ,80,40 reviews,NA,sneakers,4.5 
Reebok,Reebok Rapide ,89,380 reviews,$50,sneakers,4.4 
Reebok,Reebok Club C 85 ESTL ,88,85 reviews,NA,sneakers,4.4 
Reebok,Reebok Sole Fury SE ,88,569 reviews,NA,sneakers,4.4 
Reebok,Reebok Rapide MU ,88,363 reviews,$39,sneakers,4.4 
Reebok,Reebok Pump Court ,86,40 reviews,$80,sneakers,4.8 
Reebok,Reebok Mobius OG MU ,91,56 reviews,$110,sneakers,4.6 
Reebok,Reebok Fury Adapt MA ,70,58 reviews,NA,sneakers,3.5 
Reebok,Reebok Fury Adapt UC ,76,107 reviews,$90,sneakers,3.8 
Reebok,Reebok Pump Omni Lite ,80,45 reviews,$170,sneakers,4.4 
Reebok,Reebok Royal EC Ride 2 ,84,246 reviews,$28,sneakers,4.2 
Reebok,Reebok Pump Omni Zone II ,81,41 reviews,$160,sneakers,4.5 
Reebok,Reebok Workout Low ,90,"1,405 reviews",$70,sneakers,4.5 
Reebok,Reebok More Buckets New ,88,540 reviews,$32,sneakers,4.4 
Reebok,Reebok DMX Series 1600 ,82,124 reviews,$95,sneakers,4.1 
Reebok,Reebok Furylite X ,81,37 reviews,$90,sneakers,4.5 
Reebok,Reebok Zig Kinetica ,93,"3,670 reviews",$40,sneakers,4.7 
Reebok,Reebok Royal BB4500 HI2 ,90,"56,725 reviews",$45,sneakers,4.5 
Reebok,Reebok Royal BB4500 Hi ,89,"31,627 reviews",$66,sneakers,4.5 
Reebok,Reebok BB 5600 Premium ,79,13 reviews,$63,sneakers,4.4 
Reebok,Reebok Revenge Plus MU ,89,280 reviews,NA,sneakers,4.5 
Reebok,Reebok Workout Plus MU ,84,221 reviews,$90,sneakers,4.2 
Reebok,Reebok Furylite GW ,85,74 reviews,NA,sneakers,4.3 
Reebok,Reebok Furylite SP ,78,21 reviews,$54,sneakers,4.3 
Reebok,Reebok Zig Dynamica 2 New ,88,"2,160 reviews",$37,sneakers,4.4 
Reebok,Reebok Classic Nylon M ,92,"1,953 reviews",NA,sneakers,4.6 
Reebok,Reebok Revenge Plus Gum ,93,145 reviews,NA,sneakers,4.6 
Reebok,Reebok Workout Clean ,88,787 reviews,$65,sneakers,4.4 
Reebok,Reebok Workout Ripple ,82,41 reviews,$80,sneakers,4.5 
Reebok,Reebok Hydrorush TR ,90,384 reviews,$70,sneakers,4.5 
Reebok,Reebok BBC Question Low ,83,5 reviews,$198,sneakers,4.6 
Reebok,Reebok Workout Plus 1987 TV ,88,"2,630 reviews",$100,sneakers,4.4 
Reebok,Reebok DMX Run 10 x Predator ,77,8 reviews,$90,sneakers,4.3 
Reebok,Reebok InstaPump Fury OG ,87,547 reviews,$115,sneakers,4.3 
Reebok,Reebok Classic Leather 2.0 ,90,90 reviews,NA,sneakers,4.5 
Reebok,Reebok Pump Supreme Engine ,83,8 reviews,$76,sneakers,4.6 
Reebok,Reebok Classic Leather Ice ,95,136 reviews,NA,sneakers,4.7 
Reebok,Reebok Classic Leather MU ,90,"1,025 reviews",$84,sneakers,4.5 
Reebok,Reebok Instapump Fury Zone ,72,11 reviews,$170,sneakers,4.0 
Reebok,Reebok Workout Plus Altered ,69,6 reviews,NA,sneakers,3.8 
Reebok,Reebok Sole Fury Floatride ,69,38 reviews,$58,sneakers,3.9 
Reebok,Reebok Classic Leather Fleck ,78,6 reviews,NA,sneakers,4.3 
Reebok,Reebok Classic Leather Vector ,92,"5,639 reviews",$80,sneakers,4.6 
Reebok,Reebok 3D Op.Fractional ,75,12 reviews,$95,sneakers,4.2 
